system:time_start,NDSI
"Jan 1, 2011",-0.371
"Jan 2, 2011",-0.385
"Jan 3, 2011",-0.079
"Jan 4, 2011",-0.03
"Jan 5, 2011",-0.23
"Jan 6, 2011",-0.018
"Jan 7, 2011",0.349
"Jan 8, 2011",0.092
"Jan 9, 2011",-0.401
"Jan 10, 2011",-0.409
"Jan 11, 2011",-0.414
"Jan 12, 2011",-0.345
"Jan 13, 2011",-0.086
"Jan 14, 2011",0.206
"Jan 15, 2011",-0.37
"Jan 16, 2011",-0.213
"Jan 17, 2011",0.204
"Jan 18, 2011",-0.416
"Jan 19, 2011",-0.341
"Jan 20, 2011",0.339
"Jan 21, 2011",-0.328
"Jan 22, 2011",-0.421
"Jan 23, 2011",-0.392
"Jan 24, 2011",-0.425
"Jan 25, 2011",-0.405
"Jan 26, 2011",-0.413
"Jan 27, 2011",-0.419
"Jan 28, 2011",0.206
"Jan 29, 2011",0.391
"Jan 30, 2011",-0.308
"Jan 31, 2011",-0.424
"Feb 1, 2011",-0.155
"Feb 2, 2011",0.106
"Feb 3, 2011",0.508
"Feb 4, 2011",0.418
"Feb 5, 2011",0.211
"Feb 6, 2011",0.328
"Feb 7, 2011",0.039
"Feb 8, 2011",-0.376
"Feb 9, 2011",-0.411
"Feb 10, 2011",-0.087
"Feb 11, 2011",0.299
"Feb 12, 2011",0.538
"Feb 13, 2011",0.311
"Feb 14, 2011",0.036
"Feb 15, 2011",-0.357
"Feb 16, 2011",0.457
"Feb 17, 2011",-0.356
"Feb 18, 2011",-0.083
"Feb 19, 2011",-0.127
"Feb 20, 2011",0.39
"Feb 21, 2011",-0.264
"Feb 22, 2011",0.35
"Feb 23, 2011",0.132
"Feb 24, 2011",0.078
"Feb 25, 2011",0.367
"Feb 26, 2011",-0.224
"Feb 27, 2011",-0.418
"Feb 28, 2011",0.433
"Mar 1, 2011",-0.318
"Mar 2, 2011",0.53
"Mar 3, 2011",0.042
"Mar 4, 2011",-0.286
"Mar 5, 2011",-0.372
"Mar 6, 2011",-0.41
"Mar 7, 2011",-0.071
"Mar 8, 2011",-0.402
"Mar 9, 2011",-0.418
"Mar 10, 2011",-0.361
"Mar 11, 2011",-0.414
"Mar 12, 2011",-0.4
"Mar 13, 2011",-0.411
"Mar 14, 2011",-0.415
"Mar 15, 2011",-0.368
"Mar 16, 2011",-0.043
"Mar 17, 2011",0.103
"Mar 18, 2011",-0.404
"Mar 19, 2011",0.487
"Mar 20, 2011",-0.375
"Mar 21, 2011",-0.172
"Mar 22, 2011",-0.393
"Mar 23, 2011",-0.408
"Mar 24, 2011",-0.391
"Mar 25, 2011",-0.411
"Mar 26, 2011",-0.318
"Mar 27, 2011",-0.22
"Mar 28, 2011",0.544
"Mar 29, 2011",-0.219
"Mar 30, 2011",-0.387
"Mar 31, 2011",-0.381
"Apr 1, 2011",-0.394
"Apr 2, 2011",0.186
"Apr 3, 2011",-0.408
"Apr 4, 2011",0.338
"Apr 5, 2011",-0.337
"Apr 6, 2011",0.42
"Apr 7, 2011",-0.394
"Apr 8, 2011",-0.385
"Apr 9, 2011",0.273
"Apr 10, 2011",0.428
"Apr 11, 2011",0.384
"Apr 12, 2011",-0.39
"Apr 13, 2011",-0.37
"Apr 14, 2011",-0.396
"Apr 15, 2011",0.277
"Apr 16, 2011",0.011
"Apr 17, 2011",0.539
"Apr 18, 2011",-0.347
"Apr 19, 2011",-0.402
"Apr 20, 2011",-0.382
"Apr 21, 2011",-0.394
"Apr 22, 2011",-0.398
"Apr 23, 2011",-0.394
"Apr 24, 2011",-0.412
"Apr 25, 2011",-0.395
"Apr 26, 2011",-0.415
"Apr 27, 2011",-0.334
"Apr 28, 2011",-0.372
"Apr 29, 2011",-0.168
"Apr 30, 2011",-0.141
"May 1, 2011",-0.397
"May 2, 2011",-0.398
"May 3, 2011",-0.408
"May 4, 2011",-0.347
"May 5, 2011",0.019
"May 6, 2011",0.152
"May 7, 2011",-0.401
"May 8, 2011",-0.408
"May 9, 2011",-0.393
"May 10, 2011",-0.404
"May 11, 2011",-0.272
"May 12, 2011",-0.386
"May 13, 2011",-0.378
"May 14, 2011",-0.401
"May 15, 2011",-0.4
"May 16, 2011",-0.401
"May 17, 2011",-0.37
"May 18, 2011",-0.362
"May 19, 2011",-0.404
"May 20, 2011",-0.283
"May 21, 2011",0.312
"May 22, 2011",-0.366
"May 23, 2011",-0.368
"May 24, 2011",-0.35
"May 25, 2011",-0.319
"May 26, 2011",-0.142
"May 27, 2011",-0.329
"May 28, 2011",-0.386
"May 29, 2011",-0.345
"May 30, 2011",-0.384
"May 31, 2011",-0.358
"Jun 1, 2011",-0.351
"Jun 2, 2011",-0.375
"Jun 3, 2011",-0.376
"Jun 4, 2011",-0.394
"Jun 5, 2011",-0.317
"Jun 6, 2011",-0.371
"Jun 7, 2011",-0.35
"Jun 8, 2011",-0.379
"Jun 9, 2011",-0.361
"Jun 10, 2011",-0.35
"Jun 11, 2011",-0.362
"Jun 12, 2011",-0.343
"Jun 13, 2011",-0.371
"Jun 14, 2011",-0.351
"Jun 15, 2011",-0.388
"Jun 16, 2011",-0.277
"Jun 17, 2011",-0.335
"Jun 18, 2011",-0.356
"Jun 19, 2011",0.331
"Jun 20, 2011",-0.378
"Jun 21, 2011",-0.315
"Jun 22, 2011",-0.344
"Jun 23, 2011",-0.3
"Jun 24, 2011",-0.388
"Jun 25, 2011",-0.304
"Jun 26, 2011",-0.043
"Jun 27, 2011",-0.192
"Jun 28, 2011",0.006
"Jun 29, 2011",-0.316
"Jun 30, 2011",-0.279
"Jul 1, 2011",-0.304
"Jul 2, 2011",-0.211
"Jul 3, 2011",0.422
"Jul 4, 2011",-0.372
"Jul 5, 2011",-0.387
"Jul 6, 2011",-0.282
"Jul 7, 2011",0.003
"Jul 8, 2011",0.657
"Jul 9, 2011",-0.214
"Jul 10, 2011",-0.212
"Jul 11, 2011",-0.31
"Jul 12, 2011",-0.368
"Jul 13, 2011",-0.25
"Jul 14, 2011",0.519
"Jul 15, 2011",-0.094
"Jul 16, 2011",-0.113
"Jul 17, 2011",-0.36
"Jul 18, 2011",-0.02
"Jul 19, 2011",-0.349
"Jul 20, 2011",-0.365
"Jul 21, 2011",-0.182
"Jul 22, 2011",-0.235
"Jul 23, 2011",-0.088
"Jul 24, 2011",0.055
"Jul 25, 2011",0.557
"Jul 26, 2011",0.591
"Jul 27, 2011",0.474
"Jul 28, 2011",-0.184
"Jul 29, 2011",-0.375
"Jul 30, 2011",-0.16
"Jul 31, 2011",-0.372
"Aug 1, 2011",-0.355
"Aug 2, 2011",-0.39
"Aug 3, 2011",-0.336
"Aug 4, 2011",-0.146
"Aug 5, 2011",0.034
"Aug 6, 2011",-0.133
"Aug 7, 2011",-0.392
"Aug 8, 2011",0.138
"Aug 9, 2011",-0.376
"Aug 10, 2011",-0.167
"Aug 11, 2011",0.042
"Aug 12, 2011",0.596
"Aug 13, 2011",-0.34
"Aug 14, 2011",-0.025
"Aug 15, 2011",0.236
"Aug 16, 2011",0.043
"Aug 17, 2011",-0.263
"Aug 18, 2011",-0.292
"Aug 19, 2011",-0.205
"Aug 20, 2011",-0.155
"Aug 21, 2011",-0.341
"Aug 22, 2011",-0.222
"Aug 23, 2011",-0.374
"Aug 24, 2011",0.033
"Aug 25, 2011",0.547
"Aug 26, 2011",-0.101
"Aug 27, 2011",-0.098
"Aug 28, 2011",-0.134
"Aug 29, 2011",-0.399
"Aug 30, 2011",-0.247
"Aug 31, 2011",-0.132
"Sep 1, 2011",0.606
"Sep 2, 2011",-0.082
"Sep 3, 2011",-0.425
"Sep 4, 2011",0.315
"Sep 5, 2011",-0.427
"Sep 6, 2011",-0.385
"Sep 7, 2011",-0.308
"Sep 8, 2011",-0.33
"Sep 9, 2011",-0.04
"Sep 10, 2011",-0.414
"Sep 11, 2011",-0.239
"Sep 12, 2011",0.055
"Sep 13, 2011",0.038
"Sep 14, 2011",-0.313
"Sep 15, 2011",0.175
"Sep 16, 2011",0.021
"Sep 17, 2011",-0.412
"Sep 18, 2011",-0.329
"Sep 19, 2011",0.092
"Sep 20, 2011",-0.399
"Sep 21, 2011",-0.419
"Sep 22, 2011",-0.406
"Sep 23, 2011",-0.406
"Sep 24, 2011",-0.436
"Sep 25, 2011",-0.382
"Sep 26, 2011",-0.411
"Sep 27, 2011",-0.383
"Sep 28, 2011",-0.417
"Sep 29, 2011",-0.281
"Sep 30, 2011",-0.39
"Oct 1, 2011",-0.406
"Oct 2, 2011",-0.409
"Oct 3, 2011",-0.366
"Oct 4, 2011",-0.214
"Oct 5, 2011",-0.034
"Oct 6, 2011",-0.366
"Oct 7, 2011",-0.097
"Oct 8, 2011",-0.375
"Oct 9, 2011",-0.366
"Oct 10, 2011",-0.418
"Oct 11, 2011",-0.384
"Oct 12, 2011",-0.435
"Oct 13, 2011",-0.418
"Oct 14, 2011",-0.427
"Oct 15, 2011",-0.432
"Oct 16, 2011",-0.421
"Oct 17, 2011",-0.432
"Oct 18, 2011",-0.414
"Oct 19, 2011",-0.429
"Oct 20, 2011",-0.36
"Oct 21, 2011",-0.414
"Oct 22, 2011",0.432
"Oct 23, 2011",-0.213
"Oct 24, 2011",-0.393
"Oct 25, 2011",-0.402
"Oct 26, 2011",-0.418
"Oct 27, 2011",-0.394
"Oct 28, 2011",-0.359
"Oct 29, 2011",-0.361
"Oct 30, 2011",-0.411
"Oct 31, 2011",-0.371
"Nov 1, 2011",-0.394
"Nov 2, 2011",-0.4
"Nov 3, 2011",-0.386
"Nov 4, 2011",-0.152
"Nov 5, 2011",-0.274
"Nov 6, 2011",-0.437
"Nov 7, 2011",-0.275
"Nov 8, 2011",0.565
"Nov 9, 2011",0.131
"Nov 10, 2011",0.271
"Nov 11, 2011",-0.448
"Nov 12, 2011",-0.415
"Nov 13, 2011",-0.439
"Nov 14, 2011",-0.421
"Nov 15, 2011",-0.42
"Nov 16, 2011",-0.425
"Nov 17, 2011",-0.423
"Nov 18, 2011",-0.436
"Nov 19, 2011",-0.393
"Nov 20, 2011",-0.434
"Nov 21, 2011",-0.101
"Nov 22, 2011",0.136
"Nov 23, 2011",-0.081
"Nov 24, 2011",-0.405
"Nov 25, 2011",-0.426
"Nov 26, 2011",-0.424
"Nov 27, 2011",-0.433
"Nov 28, 2011",-0.33
"Nov 29, 2011",-0.435
"Nov 30, 2011",-0.413
"Dec 1, 2011",0.104
"Dec 2, 2011",-0.414
"Dec 3, 2011",-0.417
"Dec 4, 2011",-0.43
"Dec 5, 2011",-0.416
"Dec 6, 2011",-0.439
"Dec 7, 2011",-0.353
"Dec 8, 2011",-0.094
"Dec 9, 2011",-0.181
"Dec 10, 2011",-0.421
"Dec 11, 2011",-0.442
"Dec 12, 2011",-0.414
"Dec 13, 2011",-0.431
"Dec 14, 2011",-0.393
"Dec 15, 2011",-0.425
"Dec 16, 2011",-0.38
"Dec 17, 2011",-0.311
"Dec 18, 2011",-0.394
"Dec 19, 2011",0.14
"Dec 20, 2011",-0.228
"Dec 21, 2011",-0.358
"Dec 22, 2011",-0.414
"Dec 23, 2011",-0.358
"Dec 24, 2011",-0.215
"Dec 25, 2011",-0.388
"Dec 26, 2011",-0.4
"Dec 27, 2011",-0.335
"Dec 28, 2011",-0.408
"Dec 29, 2011",-0.417
"Dec 30, 2011",-0.374
"Dec 31, 2011",-0.426
"Jan 1, 2012",-0.3
"Jan 2, 2012",-0.406
"Jan 3, 2012",-0.305
"Jan 4, 2012",0.048
"Jan 5, 2012",0.252
"Jan 6, 2012",0.231
"Jan 7, 2012",-0.185
"Jan 8, 2012",-0.317
"Jan 9, 2012",-0.403
"Jan 10, 2012",-0.363
"Jan 11, 2012",-0.414
"Jan 12, 2012",-0.42
"Jan 13, 2012",-0.414
"Jan 14, 2012",0.368
"Jan 15, 2012",0.245
"Jan 16, 2012",-0.226
"Jan 17, 2012",-0.267
"Jan 18, 2012",-0.215
"Jan 19, 2012",-0.089
"Jan 20, 2012",-0.409
"Jan 21, 2012",-0.184
"Jan 22, 2012",0.205
"Jan 23, 2012",-0.297
"Jan 24, 2012",-0.332
"Jan 25, 2012",-0.411
"Jan 26, 2012",-0.374
"Jan 27, 2012",-0.138
"Jan 28, 2012",-0.405
"Jan 29, 2012",-0.42
"Jan 30, 2012",-0.425
"Jan 31, 2012",-0.319
"Feb 1, 2012",-0.306
"Feb 2, 2012",-0.119
"Feb 3, 2012",0.53
"Feb 4, 2012",0.241
"Feb 5, 2012",-0.194
"Feb 6, 2012",-0.401
"Feb 7, 2012",-0.411
"Feb 8, 2012",-0.411
"Feb 9, 2012",-0.283
"Feb 10, 2012",-0.42
"Feb 11, 2012",-0.064
"Feb 12, 2012",0.304
"Feb 13, 2012",0.125
"Feb 14, 2012",-0.379
"Feb 15, 2012",-0.399
"Feb 16, 2012",0.082
"Feb 17, 2012",0.158
"Feb 18, 2012",0.183
"Feb 19, 2012",0.213
"Feb 20, 2012",0.203
"Feb 21, 2012",0.145
"Feb 22, 2012",-0.03
"Feb 23, 2012",-0.39
"Feb 24, 2012",-0.416
"Feb 25, 2012",-0.358
"Feb 26, 2012",-0.111
"Feb 27, 2012",-0.154
"Feb 28, 2012",-0.402
"Feb 29, 2012",-0.408
"Mar 1, 2012",-0.409
"Mar 2, 2012",-0.409
"Mar 3, 2012",-0.342
"Mar 4, 2012",0.532
"Mar 5, 2012",-0.111
"Mar 6, 2012",-0.392
"Mar 7, 2012",-0.315
"Mar 8, 2012",-0.275
"Mar 9, 2012",-0.38
"Mar 10, 2012",-0.348
"Mar 11, 2012",0.162
"Mar 12, 2012",0.329
"Mar 13, 2012",0.128
"Mar 14, 2012",-0.369
"Mar 15, 2012",-0.39
"Mar 16, 2012",-0.305
"Mar 17, 2012",-0.055
"Mar 18, 2012",-0.312
"Mar 19, 2012",0.148
"Mar 20, 2012",-0.105
"Mar 21, 2012",-0.121
"Mar 22, 2012",-0.104
"Mar 23, 2012",-0.321
"Mar 24, 2012",-0.338
"Mar 25, 2012",0.355
"Mar 26, 2012",-0.259
"Mar 27, 2012",-0.001
"Mar 28, 2012",-0.334
"Mar 29, 2012",-0.395
"Mar 30, 2012",-0.383
"Mar 31, 2012",0.088
"Apr 1, 2012",-0.178
"Apr 2, 2012",-0.363
"Apr 3, 2012",-0.394
"Apr 4, 2012",-0.366
"Apr 5, 2012",-0.401
"Apr 6, 2012",-0.049
"Apr 7, 2012",-0.385
"Apr 8, 2012",-0.357
"Apr 9, 2012",-0.343
"Apr 10, 2012",0.039
"Apr 11, 2012",0.339
"Apr 12, 2012",-0.4
"Apr 13, 2012",-0.374
"Apr 14, 2012",-0.403
"Apr 15, 2012",-0.142
"Apr 16, 2012",-0.233
"Apr 17, 2012",-0.196
"Apr 18, 2012",-0.301
"Apr 19, 2012",-0.02
"Apr 20, 2012",-0.318
"Apr 21, 2012",-0.39
"Apr 22, 2012",-0.104
"Apr 23, 2012",-0.391
"Apr 24, 2012",-0.38
"Apr 25, 2012",0.093
"Apr 26, 2012",0.032
"Apr 27, 2012",-0.334
"Apr 28, 2012",0.392
"Apr 29, 2012",-0.183
"Apr 30, 2012",-0.403
"May 1, 2012",-0.386
"May 2, 2012",-0.402
"May 3, 2012",-0.408
"May 4, 2012",-0.406
"May 5, 2012",-0.373
"May 6, 2012",-0.081
"May 7, 2012",0.474
"May 8, 2012",-0.383
"May 9, 2012",-0.394
"May 10, 2012",-0.309
"May 11, 2012",-0.387
"May 12, 2012",-0.386
"May 13, 2012",-0.395
"May 14, 2012",-0.401
"May 15, 2012",-0.372
"May 16, 2012",-0.386
"May 17, 2012",-0.385
"May 18, 2012",-0.355
"May 19, 2012",-0.393
"May 20, 2012",0.297
"May 21, 2012",-0.404
"May 22, 2012",-0.381
"May 23, 2012",-0.361
"May 24, 2012",-0.361
"May 25, 2012",0.607
"May 26, 2012",-0.294
"May 27, 2012",-0.309
"May 28, 2012",-0.379
"May 29, 2012",-0.371
"May 30, 2012",-0.384
"May 31, 2012",-0.153
"Jun 1, 2012",-0.305
"Jun 2, 2012",-0.381
"Jun 3, 2012",-0.393
"Jun 4, 2012",-0.389
"Jun 5, 2012",-0.378
"Jun 6, 2012",-0.36
"Jun 7, 2012",-0.122
"Jun 8, 2012",-0.379
"Jun 9, 2012",-0.367
"Jun 10, 2012",-0.377
"Jun 11, 2012",-0.372
"Jun 12, 2012",-0.357
"Jun 13, 2012",-0.386
"Jun 14, 2012",-0.373
"Jun 15, 2012",-0.391
"Jun 16, 2012",-0.359
"Jun 17, 2012",-0.383
"Jun 18, 2012",0.483
"Jun 19, 2012",-0.384
"Jun 20, 2012",-0.383
"Jun 21, 2012",-0.387
"Jun 22, 2012",-0.351
"Jun 23, 2012",0.032
"Jun 24, 2012",-0.367
"Jun 25, 2012",-0.028
"Jun 26, 2012",-0.357
"Jun 27, 2012",-0.356
"Jun 28, 2012",-0.336
"Jun 29, 2012",-0.39
"Jun 30, 2012",-0.371
"Jul 1, 2012",-0.384
"Jul 2, 2012",-0.336
"Jul 3, 2012",-0.379
"Jul 4, 2012",-0.334
"Jul 5, 2012",-0.328
"Jul 6, 2012",-0.343
"Jul 7, 2012",-0.281
"Jul 8, 2012",0.064
"Jul 9, 2012",-0.321
"Jul 10, 2012",-0.375
"Jul 11, 2012",-0.207
"Jul 12, 2012",-0.281
"Jul 13, 2012",-0.32
"Jul 14, 2012",-0.324
"Jul 15, 2012",-0.271
"Jul 16, 2012",-0.362
"Jul 17, 2012",-0.394
"Jul 18, 2012",-0.361
"Jul 19, 2012",-0.332
"Jul 20, 2012",-0.377
"Jul 21, 2012",-0.065
"Jul 22, 2012",-0.391
"Jul 23, 2012",-0.378
"Jul 24, 2012",-0.359
"Jul 25, 2012",-0.143
"Jul 26, 2012",-0.376
"Jul 27, 2012",-0.368
"Jul 28, 2012",-0.3
"Jul 29, 2012",-0.208
"Jul 30, 2012",-0.118
"Jul 31, 2012",-0.286
"Aug 1, 2012",-0.009
"Aug 2, 2012",-0.261
"Aug 3, 2012",-0.061
"Aug 4, 2012",0.562
"Aug 5, 2012",0.099
"Aug 6, 2012",-0.365
"Aug 7, 2012",-0.323
"Aug 8, 2012",-0.234
"Aug 9, 2012",0.065
"Aug 10, 2012",-0.219
"Aug 11, 2012",0.143
"Aug 12, 2012",-0.367
"Aug 13, 2012",-0.365
"Aug 14, 2012",-0.372
"Aug 15, 2012",0.038
"Aug 16, 2012",-0.399
"Aug 17, 2012",-0.408
"Aug 18, 2012",-0.414
"Aug 19, 2012",0.019
"Aug 20, 2012",0.246
"Aug 21, 2012",0.242
"Aug 22, 2012",0.54
"Aug 23, 2012",-0.052
"Aug 24, 2012",-0.099
"Aug 25, 2012",-0.065
"Aug 26, 2012",0.281
"Aug 27, 2012",-0.048
"Aug 28, 2012",0.12
"Aug 29, 2012",-0.379
"Aug 30, 2012",-0.352
"Aug 31, 2012",-0.265
"Sep 1, 2012",-0.315
"Sep 2, 2012",-0.165
"Sep 3, 2012",0.185
"Sep 4, 2012",0.514
"Sep 5, 2012",0.093
"Sep 6, 2012",0.147
"Sep 7, 2012",-0.07
"Sep 8, 2012",0.281
"Sep 9, 2012",0.209
"Sep 10, 2012",0.101
"Sep 11, 2012",-0.007
"Sep 12, 2012",-0.323
"Sep 13, 2012",0.056
"Sep 14, 2012",-0.023
"Sep 15, 2012",-0.294
"Sep 16, 2012",-0.332
"Sep 17, 2012",0.24
"Sep 18, 2012",-0.298
"Sep 19, 2012",-0.405
"Sep 20, 2012",-0.359
"Sep 21, 2012",-0.399
"Sep 22, 2012",-0.358
"Sep 23, 2012",-0.401
"Sep 24, 2012",-0.398
"Sep 25, 2012",-0.385
"Sep 26, 2012",-0.421
"Sep 27, 2012",-0.342
"Sep 28, 2012",-0.424
"Sep 29, 2012",-0.4
"Sep 30, 2012",-0.422
"Oct 1, 2012",-0.427
"Oct 2, 2012",-0.42
"Oct 3, 2012",-0.42
"Oct 4, 2012",-0.391
"Oct 5, 2012",-0.429
"Oct 6, 2012",-0.349
"Oct 7, 2012",-0.419
"Oct 8, 2012",-0.389
"Oct 9, 2012",-0.404
"Oct 10, 2012",-0.378
"Oct 11, 2012",-0.401
"Oct 12, 2012",-0.422
"Oct 13, 2012",-0.333
"Oct 14, 2012",-0.412
"Oct 15, 2012",0.479
"Oct 16, 2012",-0.407
"Oct 17, 2012",-0.411
"Oct 18, 2012",-0.393
"Oct 19, 2012",-0.063
"Oct 20, 2012",0.2
"Oct 21, 2012",-0.428
"Oct 22, 2012",-0.385
"Oct 23, 2012",0.438
"Oct 24, 2012",-0.415
"Oct 25, 2012",-0.419
"Oct 26, 2012",-0.422
"Oct 27, 2012",-0.264
"Oct 28, 2012",-0.404
"Oct 29, 2012",-0.385
"Oct 30, 2012",-0.431
"Oct 31, 2012",-0.371
"Nov 1, 2012",-0.424
"Nov 2, 2012",-0.388
"Nov 3, 2012",-0.415
"Nov 4, 2012",-0.418
"Nov 5, 2012",-0.406
"Nov 6, 2012",-0.429
"Nov 7, 2012",-0.367
"Nov 8, 2012",-0.426
"Nov 9, 2012",-0.377
"Nov 10, 2012",-0.405
"Nov 11, 2012",-0.39
"Nov 12, 2012",-0.392
"Nov 13, 2012",-0.401
"Nov 14, 2012",-0.343
"Nov 15, 2012",-0.422
"Nov 16, 2012",-0.335
"Nov 17, 2012",-0.203
"Nov 18, 2012",-0.355
"Nov 19, 2012",-0.411
"Nov 20, 2012",-0.25
"Nov 21, 2012",0.119
"Nov 22, 2012",-0.425
"Nov 23, 2012",-0.179
"Nov 24, 2012",0.052
"Nov 25, 2012",-0.379
"Nov 26, 2012",-0.396
"Nov 27, 2012",-0.412
"Nov 28, 2012",0.04
"Nov 29, 2012",-0.35
"Nov 30, 2012",-0.395
"Dec 1, 2012",-0.428
"Dec 2, 2012",-0.397
"Dec 3, 2012",-0.416
"Dec 4, 2012",-0.419
"Dec 5, 2012",0.224
"Dec 6, 2012",-0.279
"Dec 7, 2012",-0.025
"Dec 8, 2012",-0.427
"Dec 9, 2012",-0.368
"Dec 10, 2012",-0.021
"Dec 11, 2012",0.343
"Dec 12, 2012",-0.103
"Dec 13, 2012",0.505
"Dec 14, 2012",0.167
"Dec 15, 2012",-0.207
"Dec 16, 2012",-0.257
"Dec 17, 2012",-0.357
"Dec 18, 2012",-0.375
"Dec 19, 2012",-0.412
"Dec 20, 2012",-0.425
"Dec 21, 2012",-0.407
"Dec 22, 2012",-0.427
"Dec 23, 2012",-0.399
"Dec 24, 2012",-0.298
"Dec 25, 2012",-0.373
"Dec 26, 2012",-0.317
"Dec 27, 2012",0.106
"Dec 28, 2012",0.538
"Dec 29, 2012",-0.097
"Dec 30, 2012",-0.372
"Dec 31, 2012",-0.42
"Jan 1, 2013",-0.316
"Jan 2, 2013",-0.322
"Jan 3, 2013",-0.308
"Jan 4, 2013",-0.252
"Jan 5, 2013",-0.377
"Jan 6, 2013",-0.03
"Jan 7, 2013",-0.118
"Jan 8, 2013",-0.026
"Jan 9, 2013",-0.43
"Jan 10, 2013",-0.389
"Jan 11, 2013",-0.34
"Jan 12, 2013",0.101
"Jan 13, 2013",-0.205
"Jan 14, 2013",-0.339
"Jan 15, 2013",-0.333
"Jan 16, 2013",-0.384
"Jan 17, 2013",0.046
"Jan 18, 2013",0.193
"Jan 19, 2013",-0.329
"Jan 20, 2013",-0.397
"Jan 21, 2013",-0.375
"Jan 22, 2013",-0.367
"Jan 23, 2013",0.333
"Jan 24, 2013",-0.416
"Jan 25, 2013",-0.43
"Jan 26, 2013",-0.408
"Jan 27, 2013",-0.11
"Jan 28, 2013",-0.404
"Jan 29, 2013",-0.413
"Jan 30, 2013",0.295
"Jan 31, 2013",0.15
"Feb 1, 2013",-0.004
"Feb 2, 2013",0.151
"Feb 3, 2013",0.501
"Feb 4, 2013",0.236
"Feb 5, 2013",0.581
"Feb 6, 2013",-0.38
"Feb 7, 2013",-0.397
"Feb 8, 2013",-0.408
"Feb 9, 2013",-0.401
"Feb 10, 2013",-0.415
"Feb 11, 2013",0.024
"Feb 12, 2013",-0.407
"Feb 13, 2013",-0.356
"Feb 14, 2013",0.463
"Feb 15, 2013",0.499
"Feb 16, 2013",-0.018
"Feb 17, 2013",-0.355
"Feb 18, 2013",-0.368
"Feb 19, 2013",-0.202
"Feb 20, 2013",-0.363
"Feb 21, 2013",0.344
"Feb 22, 2013",0.34
"Feb 23, 2013",0.279
"Feb 24, 2013",-0.378
"Feb 25, 2013",-0.001
"Feb 26, 2013",0.441
"Feb 27, 2013",0.445
"Feb 28, 2013",-0.366
"Mar 1, 2013",-0.405
"Mar 2, 2013",-0.403
"Mar 3, 2013",-0.262
"Mar 4, 2013",-0.406
"Mar 5, 2013",-0.416
"Mar 6, 2013",-0.401
"Mar 7, 2013",-0.418
"Mar 8, 2013",-0.375
"Mar 9, 2013",0.134
"Mar 10, 2013",-0.38
"Mar 11, 2013",-0.309
"Mar 12, 2013",0.126
"Mar 13, 2013",0.419
"Mar 14, 2013",-0.027
"Mar 15, 2013",-0.328
"Mar 16, 2013",-0.366
"Mar 17, 2013",-0.373
"Mar 18, 2013",-0.364
"Mar 19, 2013",-0.369
"Mar 20, 2013",0.528
"Mar 21, 2013",-0.342
"Mar 22, 2013",0.181
"Mar 23, 2013",0.133
"Mar 24, 2013",0.19
"Mar 25, 2013",-0.394
"Mar 26, 2013",-0.364
"Mar 27, 2013",-0.259
"Mar 28, 2013",0.368
"Mar 29, 2013",-0.323
"Mar 30, 2013",-0.414
"Mar 31, 2013",-0.249
"Apr 1, 2013",-0.232
"Apr 2, 2013",-0.314
"Apr 3, 2013",-0.382
"Apr 4, 2013",-0.401
"Apr 5, 2013",-0.383
"Apr 6, 2013",-0.402
"Apr 7, 2013",0.139
"Apr 8, 2013",-0.34
"Apr 9, 2013",0.289
"Apr 10, 2013",0.42
"Apr 11, 2013",-0.352
"Apr 12, 2013",-0.364
"Apr 13, 2013",-0.379
"Apr 14, 2013",-0.366
"Apr 15, 2013",-0.313
"Apr 16, 2013",-0.195
"Apr 17, 2013",-0.39
"Apr 18, 2013",-0.388
"Apr 19, 2013",-0.371
"Apr 20, 2013",0.288
"Apr 21, 2013",-0.353
"Apr 22, 2013",-0.147
"Apr 23, 2013",0.032
"Apr 24, 2013",-0.386
"Apr 25, 2013",-0.311
"Apr 26, 2013",0.1
"Apr 27, 2013",0.023
"Apr 28, 2013",0.21
"Apr 29, 2013",-0.408
"Apr 30, 2013",-0.375
"May 1, 2013",-0.281
"May 2, 2013",-0.389
"May 3, 2013",-0.118
"May 4, 2013",0.068
"May 5, 2013",0.287
"May 6, 2013",-0.413
"May 7, 2013",-0.394
"May 8, 2013",-0.395
"May 9, 2013",-0.411
"May 10, 2013",-0.404
"May 11, 2013",0.253
"May 12, 2013",0.535
"May 13, 2013",-0.394
"May 14, 2013",-0.403
"May 15, 2013",-0.375
"May 16, 2013",-0.406
"May 17, 2013",-0.412
"May 18, 2013",-0.396
"May 19, 2013",-0.35
"May 20, 2013",-0.302
"May 21, 2013",-0.342
"May 22, 2013",-0.391
"May 23, 2013",-0.385
"May 24, 2013",-0.394
"May 25, 2013",0.004
"May 26, 2013",-0.017
"May 27, 2013",-0.388
"May 28, 2013",-0.091
"May 29, 2013",-0.355
"May 30, 2013",-0.399
"May 31, 2013",-0.411
"Jun 1, 2013",-0.371
"Jun 2, 2013",-0.395
"Jun 3, 2013",0.411
"Jun 4, 2013",-0.393
"Jun 5, 2013",-0.38
"Jun 6, 2013",-0.392
"Jun 7, 2013",-0.4
"Jun 8, 2013",-0.389
"Jun 9, 2013",-0.402
"Jun 10, 2013",-0.329
"Jun 11, 2013",-0.386
"Jun 12, 2013",-0.11
"Jun 13, 2013",-0.262
"Jun 14, 2013",0.19
"Jun 15, 2013",-0.066
"Jun 16, 2013",0.102
"Jun 17, 2013",0.229
"Jun 18, 2013",-0.401
"Jun 19, 2013",-0.358
"Jun 20, 2013",-0.405
"Jun 21, 2013",-0.386
"Jun 22, 2013",-0.375
"Jun 23, 2013",-0.366
"Jun 24, 2013",-0.337
"Jun 25, 2013",-0.332
"Jun 26, 2013",-0.264
"Jun 27, 2013",-0.071
"Jun 28, 2013",-0.356
"Jun 29, 2013",-0.359
"Jun 30, 2013",-0.349
"Jul 1, 2013",-0.387
"Jul 2, 2013",-0.271
"Jul 3, 2013",-0.381
"Jul 4, 2013",-0.396
"Jul 5, 2013",-0.147
"Jul 6, 2013",-0.356
"Jul 7, 2013",0.046
"Jul 8, 2013",-0.106
"Jul 9, 2013",-0.013
"Jul 10, 2013",-0.256
"Jul 11, 2013",-0.342
"Jul 12, 2013",-0.287
"Jul 13, 2013",-0.311
"Jul 14, 2013",-0.28
"Jul 15, 2013",-0.157
"Jul 16, 2013",0.367
"Jul 17, 2013",0.438
"Jul 18, 2013",-0.313
"Jul 19, 2013",0.154
"Jul 20, 2013",0.614
"Jul 21, 2013",-0.312
"Jul 22, 2013",-0.245
"Jul 23, 2013",0.171
"Jul 24, 2013",-0.195
"Jul 25, 2013",-0.022
"Jul 26, 2013",-0.307
"Jul 27, 2013",-0.259
"Jul 28, 2013",-0.34
"Jul 29, 2013",-0.009
"Jul 30, 2013",0.398
"Jul 31, 2013",-0.371
"Aug 1, 2013",0.324
"Aug 2, 2013",0.4
"Aug 3, 2013",-0.359
"Aug 4, 2013",-0.253
"Aug 5, 2013",-0.228
"Aug 6, 2013",0.342
"Aug 7, 2013",0.598
"Aug 8, 2013",-0.012
"Aug 9, 2013",-0.154
"Aug 10, 2013",0.182
"Aug 11, 2013",0.514
"Aug 12, 2013",-0.018
"Aug 13, 2013",0.523
"Aug 14, 2013",0.237
"Aug 15, 2013",-0.249
"Aug 16, 2013",0.077
"Aug 17, 2013",-0.013
"Aug 18, 2013",-0.174
"Aug 19, 2013",0.203
"Aug 20, 2013",-0.384
"Aug 21, 2013",-0.421
"Aug 22, 2013",-0.392
"Aug 23, 2013",-0.381
"Aug 24, 2013",-0.171
"Aug 25, 2013",-0.371
"Aug 26, 2013",-0.374
"Aug 27, 2013",-0.284
"Aug 28, 2013",0.438
"Aug 29, 2013",-0.163
"Aug 30, 2013",-0.392
"Aug 31, 2013",-0.285
"Sep 1, 2013",-0.197
"Sep 2, 2013",-0.304
"Sep 3, 2013",-0.388
"Sep 4, 2013",-0.386
"Sep 5, 2013",-0.128
"Sep 6, 2013",-0.399
"Sep 7, 2013",-0.099
"Sep 8, 2013",-0.044
"Sep 9, 2013",0.34
"Sep 10, 2013",0.287
"Sep 11, 2013",-0.223
"Sep 12, 2013",0.257
"Sep 13, 2013",-0.097
"Sep 14, 2013",-0.269
"Sep 15, 2013",0.542
"Sep 16, 2013",-0.408
"Sep 17, 2013",-0.412
"Sep 18, 2013",-0.415
"Sep 19, 2013",-0.431
"Sep 20, 2013",-0.436
"Sep 21, 2013",-0.35
"Sep 22, 2013",-0.432
"Sep 23, 2013",-0.318
"Sep 24, 2013",-0.439
"Sep 25, 2013",-0.402
"Sep 26, 2013",-0.381
"Sep 27, 2013",-0.363
"Sep 28, 2013",-0.076
"Sep 29, 2013",-0.425
"Sep 30, 2013",-0.307
"Oct 1, 2013",-0.305
"Oct 2, 2013",-0.195
"Oct 3, 2013",-0.251
"Oct 4, 2013",-0.121
"Oct 5, 2013",-0.175
"Oct 6, 2013",-0.424
"Oct 7, 2013",-0.411
"Oct 8, 2013",-0.379
"Oct 9, 2013",-0.34
"Oct 10, 2013",-0.421
"Oct 11, 2013",-0.331
"Oct 12, 2013",0.256
"Oct 13, 2013",-0.282
"Oct 14, 2013",-0.429
"Oct 15, 2013",-0.443
"Oct 16, 2013",-0.408
"Oct 17, 2013",-0.382
"Oct 18, 2013",-0.434
"Oct 19, 2013",-0.43
"Oct 20, 2013",-0.439
"Oct 21, 2013",-0.431
"Oct 22, 2013",-0.431
"Oct 23, 2013",-0.403
"Oct 24, 2013",-0.396
"Oct 25, 2013",-0.383
"Oct 26, 2013",-0.4
"Oct 27, 2013",-0.079
"Oct 28, 2013",-0.38
"Oct 29, 2013",-0.119
"Oct 30, 2013",0.26
"Oct 31, 2013",-0.352
"Nov 1, 2013",-0.302
"Nov 2, 2013",-0.423
"Nov 3, 2013",-0.41
"Nov 4, 2013",-0.384
"Nov 5, 2013",0.386
"Nov 6, 2013",0.047
"Nov 7, 2013",0.418
"Nov 8, 2013",0.055
"Nov 9, 2013",-0.438
"Nov 10, 2013",-0.142
"Nov 11, 2013",-0.435
"Nov 12, 2013",-0.435
"Nov 13, 2013",-0.279
"Nov 14, 2013",-0.443
"Nov 15, 2013",-0.429
"Nov 16, 2013",-0.334
"Nov 17, 2013",-0.417
"Nov 18, 2013",-0.438
"Nov 19, 2013",-0.413
"Nov 20, 2013",-0.428
"Nov 21, 2013",-0.421
"Nov 22, 2013",-0.398
"Nov 23, 2013",0.084
"Nov 24, 2013",-0.422
"Nov 25, 2013",-0.441
"Nov 26, 2013",-0.423
"Nov 27, 2013",-0.431
"Nov 28, 2013",-0.431
"Nov 29, 2013",-0.423
"Nov 30, 2013",-0.432
"Dec 1, 2013",-0.409
"Dec 2, 2013",0.202
"Dec 3, 2013",-0.368
"Dec 4, 2013",-0.4
"Dec 5, 2013",-0.396
"Dec 6, 2013",-0.417
"Dec 7, 2013",-0.031
"Dec 8, 2013",-0.306
"Dec 9, 2013",-0.413
"Dec 10, 2013",-0.403
"Dec 11, 2013",0.429
"Dec 12, 2013",-0.428
"Dec 13, 2013",-0.433
"Dec 14, 2013",-0.372
"Dec 15, 2013",-0.383
"Dec 16, 2013",-0.39
"Dec 17, 2013",-0.366
"Dec 18, 2013",-0.379
"Dec 19, 2013",-0.237
"Dec 20, 2013",-0.43
"Dec 21, 2013",0.226
"Dec 22, 2013",-0.233
"Dec 23, 2013",-0.371
"Dec 24, 2013",-0.354
"Dec 25, 2013",-0.441
"Dec 26, 2013",-0.424
"Dec 27, 2013",-0.425
"Dec 28, 2013",-0.372
"Dec 29, 2013",0.039
"Dec 30, 2013",-0.438
"Dec 31, 2013",0.39
"Jan 1, 2014",-0.419
"Jan 2, 2014",-0.425
"Jan 3, 2014",-0.447
"Jan 4, 2014",-0.159
"Jan 5, 2014",-0.43
"Jan 6, 2014",-0.397
"Jan 7, 2014",-0.057
"Jan 8, 2014",0.446
"Jan 9, 2014",-0.36
"Jan 10, 2014",-0.151
"Jan 11, 2014",-0.429
"Jan 12, 2014",0.177
"Jan 13, 2014",0.052
"Jan 14, 2014",-0.432
"Jan 15, 2014",-0.437
"Jan 16, 2014",-0.096
"Jan 17, 2014",0.247
"Jan 18, 2014",-0.405
"Jan 19, 2014",-0.224
"Jan 20, 2014",-0.129
"Jan 21, 2014",0.063
"Jan 22, 2014",0.266
"Jan 23, 2014",-0.392
"Jan 24, 2014",-0.441
"Jan 25, 2014",-0.277
"Jan 26, 2014",-0.187
"Jan 27, 2014",-0.423
"Jan 28, 2014",-0.257
"Jan 29, 2014",-0.407
"Jan 30, 2014",-0.41
"Jan 31, 2014",-0.324
"Feb 1, 2014",-0.119
"Feb 2, 2014",0.06
"Feb 3, 2014",0.377
"Feb 4, 2014",0.081
"Feb 5, 2014",-0.095
"Feb 6, 2014",0.538
"Feb 7, 2014",-0.173
"Feb 8, 2014",-0.361
"Feb 9, 2014",-0.42
"Feb 10, 2014",0.312
"Feb 11, 2014",-0.425
"Feb 12, 2014",-0.426
"Feb 13, 2014",-0.437
"Feb 14, 2014",-0.276
"Feb 15, 2014",-0.197
"Feb 16, 2014",-0.299
"Feb 17, 2014",-0.422
"Feb 18, 2014",-0.435
"Feb 19, 2014",0.011
"Feb 20, 2014",-0.313
"Feb 21, 2014",0.364
"Feb 22, 2014",0.063
"Feb 23, 2014",-0.369
"Feb 24, 2014",-0.416
"Feb 25, 2014",-0.399
"Feb 26, 2014",0.263
"Feb 27, 2014",-0.234
"Feb 28, 2014",-0.089
"Mar 1, 2014",0.353
"Mar 2, 2014",-0.312
"Mar 3, 2014",0.473
"Mar 4, 2014",0.087
"Mar 5, 2014",-0.121
"Mar 6, 2014",-0.41
"Mar 7, 2014",0.448
"Mar 8, 2014",-0.433
"Mar 9, 2014",0.395
"Mar 10, 2014",-0.012
"Mar 11, 2014",0.435
"Mar 12, 2014",-0.385
"Mar 13, 2014",-0.406
"Mar 14, 2014",-0.188
"Mar 15, 2014",0.436
"Mar 16, 2014",-0.232
"Mar 17, 2014",0.111
"Mar 18, 2014",0.055
"Mar 19, 2014",-0.404
"Mar 20, 2014",0.145
"Mar 21, 2014",0.424
"Mar 22, 2014",-0.405
"Mar 23, 2014",0.341
"Mar 24, 2014",0.591
"Mar 25, 2014",-0.155
"Mar 26, 2014",-0.134
"Mar 27, 2014",-0.251
"Mar 28, 2014",0.443
"Mar 29, 2014",-0.413
"Mar 30, 2014",-0.399
"Mar 31, 2014",-0.423
"Apr 1, 2014",-0.402
"Apr 2, 2014",0.501
"Apr 3, 2014",-0.251
"Apr 4, 2014",-0.405
"Apr 5, 2014",0.107
"Apr 6, 2014",0.604
"Apr 7, 2014",-0.409
"Apr 8, 2014",-0.394
"Apr 9, 2014",-0.419
"Apr 10, 2014",-0.36
"Apr 11, 2014",-0.407
"Apr 12, 2014",-0.355
"Apr 13, 2014",-0.376
"Apr 14, 2014",0.02
"Apr 15, 2014",0.377
"Apr 16, 2014",0.064
"Apr 17, 2014",-0.351
"Apr 18, 2014",0.233
"Apr 19, 2014",-0.125
"Apr 20, 2014",-0.373
"Apr 21, 2014",-0.117
"Apr 22, 2014",-0.206
"Apr 23, 2014",-0.418
"Apr 24, 2014",-0.387
"Apr 25, 2014",-0.419
"Apr 26, 2014",-0.398
"Apr 27, 2014",-0.408
"Apr 28, 2014",-0.419
"Apr 29, 2014",-0.398
"Apr 30, 2014",-0.398
"May 1, 2014",-0.376
"May 2, 2014",-0.404
"May 3, 2014",-0.15
"May 4, 2014",-0.132
"May 5, 2014",-0.073
"May 6, 2014",-0.412
"May 7, 2014",-0.415
"May 8, 2014",-0.372
"May 9, 2014",-0.397
"May 10, 2014",-0.386
"May 11, 2014",0.295
"May 12, 2014",0.572
"May 13, 2014",0.169
"May 14, 2014",-0.37
"May 15, 2014",-0.282
"May 16, 2014",-0.29
"May 17, 2014",-0.066
"May 18, 2014",0.598
"May 19, 2014",-0.255
"May 20, 2014",-0.198
"May 21, 2014",-0.41
"May 22, 2014",-0.407
"May 23, 2014",-0.43
"May 24, 2014",-0.41
"May 25, 2014",-0.428
"May 26, 2014",-0.408
"May 27, 2014",-0.421
"May 28, 2014",-0.412
"May 29, 2014",-0.411
"May 30, 2014",-0.375
"May 31, 2014",-0.361
"Jun 1, 2014",-0.42
"Jun 2, 2014",-0.396
"Jun 3, 2014",-0.416
"Jun 4, 2014",-0.393
"Jun 5, 2014",-0.41
"Jun 6, 2014",-0.393
"Jun 7, 2014",-0.385
"Jun 8, 2014",-0.381
"Jun 9, 2014",-0.309
"Jun 10, 2014",-0.41
"Jun 11, 2014",-0.401
"Jun 12, 2014",-0.387
"Jun 13, 2014",-0.362
"Jun 14, 2014",-0.384
"Jun 15, 2014",-0.342
"Jun 16, 2014",-0.332
"Jun 17, 2014",-0.359
"Jun 18, 2014",0.111
"Jun 19, 2014",0.115
"Jun 20, 2014",-0.276
"Jun 21, 2014",0.134
"Jun 22, 2014",-0.381
"Jun 23, 2014",-0.346
"Jun 24, 2014",-0.342
"Jun 25, 2014",-0.273
"Jun 26, 2014",-0.262
"Jun 27, 2014",-0.208
"Jun 28, 2014",-0.364
"Jun 29, 2014",-0.285
"Jun 30, 2014",-0.295
"Jul 1, 2014",0.319
"Jul 2, 2014",0.117
"Jul 3, 2014",-0.023
"Jul 4, 2014",-0.365
"Jul 5, 2014",-0.091
"Jul 6, 2014",0.046
"Jul 7, 2014",-0.402
"Jul 8, 2014",-0.342
"Jul 9, 2014",-0.381
"Jul 10, 2014",-0.28
"Jul 11, 2014",-0.351
"Jul 12, 2014",-0.362
"Jul 13, 2014",-0.335
"Jul 14, 2014",-0.391
"Jul 15, 2014",-0.164
"Jul 16, 2014",0.037
"Jul 17, 2014",0.634
"Jul 18, 2014",-0.288
"Jul 19, 2014",0.028
"Jul 20, 2014",-0.381
"Jul 21, 2014",-0.364
"Jul 22, 2014",-0.279
"Jul 23, 2014",-0.113
"Jul 24, 2014",0.201
"Jul 25, 2014",0.57
"Jul 26, 2014",0.188
"Jul 27, 2014",0.547
"Jul 28, 2014",0.122
"Jul 29, 2014",0.219
"Jul 30, 2014",-0.345
"Jul 31, 2014",-0.182
"Aug 1, 2014",0.342
"Aug 2, 2014",-0.345
"Aug 3, 2014",-0.366
"Aug 4, 2014",-0.326
"Aug 5, 2014",-0.205
"Aug 6, 2014",-0.301
"Aug 7, 2014",-0.22
"Aug 8, 2014",0.052
"Aug 9, 2014",-0.128
"Aug 10, 2014",-0.368
"Aug 11, 2014",-0.112
"Aug 12, 2014",0.034
"Aug 13, 2014",-0.304
"Aug 14, 2014",-0.108
"Aug 15, 2014",-0.24
"Aug 16, 2014",0.236
"Aug 17, 2014",-0.39
"Aug 18, 2014",-0.315
"Aug 19, 2014",-0.398
"Aug 20, 2014",-0.307
"Aug 21, 2014",-0.123
"Aug 22, 2014",-0.323
"Aug 23, 2014",-0.189
"Aug 24, 2014",-0.406
"Aug 25, 2014",-0.234
"Aug 26, 2014",-0.35
"Aug 27, 2014",-0.015
"Aug 28, 2014",0.083
"Aug 29, 2014",-0.364
"Aug 30, 2014",-0.257
"Aug 31, 2014",-0.432
"Sep 1, 2014",0.165
"Sep 2, 2014",0.095
"Sep 3, 2014",0.357
"Sep 4, 2014",0.409
"Sep 5, 2014",0.125
"Sep 6, 2014",-0.408
"Sep 7, 2014",-0.413
"Sep 8, 2014",-0.379
"Sep 9, 2014",-0.422
"Sep 10, 2014",-0.353
"Sep 11, 2014",-0.362
"Sep 12, 2014",-0.013
"Sep 13, 2014",-0.389
"Sep 14, 2014",-0.406
"Sep 15, 2014",-0.401
"Sep 16, 2014",-0.404
"Sep 17, 2014",-0.279
"Sep 18, 2014",-0.305
"Sep 19, 2014",-0.33
"Sep 20, 2014",-0.357
"Sep 21, 2014",-0.387
"Sep 22, 2014",-0.398
"Sep 23, 2014",-0.391
"Sep 24, 2014",-0.371
"Sep 25, 2014",-0.356
"Sep 26, 2014",-0.359
"Sep 27, 2014",-0.384
"Sep 28, 2014",-0.403
"Sep 29, 2014",-0.37
"Sep 30, 2014",-0.08
"Oct 1, 2014",0.21
"Oct 2, 2014",-0.235
"Oct 3, 2014",-0.327
"Oct 4, 2014",-0.222
"Oct 5, 2014",-0.194
"Oct 6, 2014",-0.429
"Oct 7, 2014",-0.337
"Oct 8, 2014",0.004
"Oct 9, 2014",-0.39
"Oct 10, 2014",-0.354
"Oct 11, 2014",-0.41
"Oct 12, 2014",-0.397
"Oct 13, 2014",0.382
"Oct 14, 2014",0.527
"Oct 15, 2014",-0.056
"Oct 16, 2014",-0.434
"Oct 17, 2014",-0.429
"Oct 18, 2014",-0.426
"Oct 19, 2014",-0.009
"Oct 20, 2014",-0.437
"Oct 21, 2014",-0.439
"Oct 22, 2014",-0.434
"Oct 23, 2014",-0.425
"Oct 24, 2014",-0.045
"Oct 25, 2014",-0.42
"Oct 26, 2014",
"Oct 27, 2014",-0.424
"Oct 28, 2014",-0.189
"Oct 29, 2014",-0.4
"Oct 30, 2014",-0.366
"Oct 31, 2014",-0.404
"Nov 1, 2014",-0.432
"Nov 2, 2014",-0.15
"Nov 3, 2014",0.063
"Nov 4, 2014",-0.164
"Nov 5, 2014",-0.439
"Nov 6, 2014",0.186
"Nov 7, 2014",0.211
"Nov 8, 2014",-0.409
"Nov 9, 2014",-0.322
"Nov 10, 2014",-0.443
"Nov 11, 2014",-0.422
"Nov 12, 2014",-0.442
"Nov 13, 2014",-0.456
"Nov 14, 2014",-0.433
"Nov 15, 2014",-0.449
"Nov 16, 2014",-0.423
"Nov 17, 2014",-0.436
"Nov 18, 2014",-0.41
"Nov 19, 2014",-0.432
"Nov 20, 2014",-0.427
"Nov 21, 2014",-0.423
"Nov 22, 2014",-0.422
"Nov 23, 2014",-0.418
"Nov 24, 2014",-0.042
"Nov 25, 2014",-0.405
"Nov 26, 2014",-0.435
"Nov 27, 2014",0.152
"Nov 28, 2014",-0.338
"Nov 29, 2014",-0.369
"Nov 30, 2014",-0.415
"Dec 1, 2014",-0.447
"Dec 2, 2014",-0.419
"Dec 3, 2014",-0.443
"Dec 4, 2014",-0.406
"Dec 5, 2014",-0.438
"Dec 6, 2014",-0.443
"Dec 7, 2014",-0.361
"Dec 8, 2014",-0.414
"Dec 9, 2014",-0.402
"Dec 10, 2014",-0.435
"Dec 11, 2014",-0.403
"Dec 12, 2014",-0.423
"Dec 13, 2014",0.387
"Dec 14, 2014",-0.189
"Dec 15, 2014",-0.269
"Dec 16, 2014",-0.38
"Dec 17, 2014",-0.343
"Dec 18, 2014",-0.391
"Dec 19, 2014",-0.427
"Dec 20, 2014",-0.048
"Dec 21, 2014",-0.072
"Dec 22, 2014",0.329
"Dec 23, 2014",0.245
"Dec 24, 2014",-0.078
"Dec 25, 2014",-0.408
"Dec 26, 2014",-0.43
"Dec 27, 2014",-0.404
"Dec 28, 2014",-0.277
"Dec 29, 2014",-0.35
"Dec 30, 2014",0.359
"Dec 31, 2014",0.082
"Jan 1, 2015",-0.414
"Jan 2, 2015",-0.386
"Jan 3, 2015",-0.394
"Jan 4, 2015",-0.369
"Jan 5, 2015",-0.236
"Jan 6, 2015",-0.412
"Jan 7, 2015",-0.316
"Jan 8, 2015",-0.403
"Jan 9, 2015",-0.429
"Jan 10, 2015",-0.359
"Jan 11, 2015",-0.42
"Jan 12, 2015",-0.004
"Jan 13, 2015",0.311
"Jan 14, 2015",-0.025
"Jan 15, 2015",-0.421
"Jan 16, 2015",-0.431
"Jan 17, 2015",-0.423
"Jan 18, 2015",-0.436
"Jan 19, 2015",-0.364
"Jan 20, 2015",0.21
"Jan 21, 2015",0.209
"Jan 22, 2015",-0.056
"Jan 23, 2015",0.044
"Jan 24, 2015",-0.394
"Jan 25, 2015",-0.458
"Jan 26, 2015",-0.191
"Jan 27, 2015",-0.377
"Jan 28, 2015",-0.401
"Jan 29, 2015",-0.429
"Jan 30, 2015",-0.414
"Jan 31, 2015",-0.428
"Feb 1, 2015",-0.009
"Feb 2, 2015",0.263
"Feb 3, 2015",-0.051
"Feb 4, 2015",-0.412
"Feb 5, 2015",-0.452
"Feb 6, 2015",-0.2
"Feb 7, 2015",0.54
"Feb 8, 2015",-0.414
"Feb 9, 2015",-0.428
"Feb 10, 2015",-0.449
"Feb 11, 2015",-0.419
"Feb 12, 2015",-0.342
"Feb 13, 2015",-0.403
"Feb 14, 2015",-0.43
"Feb 15, 2015",0.022
"Feb 16, 2015",0.435
"Feb 17, 2015",0.081
"Feb 18, 2015",0.048
"Feb 19, 2015",0.449
"Feb 20, 2015",0.341
"Feb 21, 2015",0.093
"Feb 22, 2015",-0.37
"Feb 23, 2015",0.481
"Feb 24, 2015",0.434
"Feb 25, 2015",0.476
"Feb 26, 2015",-0.372
"Feb 27, 2015",-0.364
"Feb 28, 2015",-0.305
"Mar 1, 2015",0.519
"Mar 2, 2015",0.376
"Mar 3, 2015",-0.217
"Mar 4, 2015",-0.203
"Mar 5, 2015",0.256
"Mar 6, 2015",-0.409
"Mar 7, 2015",0.422
"Mar 8, 2015",0.256
"Mar 9, 2015",-0.353
"Mar 10, 2015",-0.401
"Mar 11, 2015",-0.051
"Mar 12, 2015",-0.188
"Mar 13, 2015",-0.409
"Mar 14, 2015",-0.16
"Mar 15, 2015",0.564
"Mar 16, 2015",0.211
"Mar 17, 2015",-0.326
"Mar 18, 2015",-0.424
"Mar 19, 2015",-0.405
"Mar 20, 2015",-0.255
"Mar 21, 2015",0.08
"Mar 22, 2015",-0.411
"Mar 23, 2015",-0.282
"Mar 24, 2015",-0.171
"Mar 25, 2015",-0.425
"Mar 26, 2015",0.063
"Mar 27, 2015",-0.257
"Mar 28, 2015",0.208
"Mar 29, 2015",0.56
"Mar 30, 2015",0.186
"Mar 31, 2015",0.174
"Apr 1, 2015",0.429
"Apr 2, 2015",-0.318
"Apr 3, 2015",0.038
"Apr 4, 2015",-0.343
"Apr 5, 2015",-0.338
"Apr 6, 2015",0.073
"Apr 7, 2015",0.427
"Apr 8, 2015",-0.423
"Apr 9, 2015",-0.396
"Apr 10, 2015",-0.416
"Apr 11, 2015",-0.253
"Apr 12, 2015",-0.419
"Apr 13, 2015",-0.411
"Apr 14, 2015",-0.409
"Apr 15, 2015",-0.287
"Apr 16, 2015",0.069
"Apr 17, 2015",0.268
"Apr 18, 2015",-0.053
"Apr 19, 2015",0.492
"Apr 20, 2015",-0.297
"Apr 21, 2015",-0.382
"Apr 22, 2015",-0.413
"Apr 23, 2015",-0.397
"Apr 24, 2015",-0.411
"Apr 25, 2015",-0.377
"Apr 26, 2015",-0.382
"Apr 27, 2015",0.416
"Apr 28, 2015",-0.399
"Apr 29, 2015",0.09
"Apr 30, 2015",-0.361
"May 1, 2015",-0.427
"May 2, 2015",-0.401
"May 3, 2015",-0.427
"May 4, 2015",-0.33
"May 5, 2015",-0.406
"May 6, 2015",-0.296
"May 7, 2015",-0.344
"May 8, 2015",-0.397
"May 9, 2015",0.1
"May 10, 2015",-0.236
"May 11, 2015",0.21
"May 12, 2015",0.468
"May 13, 2015",-0.204
"May 14, 2015",-0.415
"May 15, 2015",-0.436
"May 16, 2015",-0.424
"May 17, 2015",0.534
"May 18, 2015",-0.372
"May 19, 2015",-0.417
"May 20, 2015",-0.409
"May 21, 2015",-0.429
"May 22, 2015",-0.408
"May 23, 2015",-0.404
"May 24, 2015",-0.187
"May 25, 2015",-0.354
"May 26, 2015",-0.433
"May 27, 2015",-0.408
"May 28, 2015",-0.386
"May 29, 2015",-0.032
"May 30, 2015",-0.418
"May 31, 2015",-0.421
"Jun 1, 2015",-0.403
"Jun 2, 2015",-0.428
"Jun 3, 2015",-0.225
"Jun 4, 2015",-0.156
"Jun 5, 2015",0.04
"Jun 6, 2015",-0.423
"Jun 7, 2015",-0.417
"Jun 8, 2015",-0.42
"Jun 9, 2015",-0.427
"Jun 10, 2015",0.043
"Jun 11, 2015",-0.419
"Jun 12, 2015",-0.398
"Jun 13, 2015",-0.366
"Jun 14, 2015",-0.192
"Jun 15, 2015",-0.296
"Jun 16, 2015",-0.393
"Jun 17, 2015",-0.399
"Jun 18, 2015",-0.357
"Jun 19, 2015",-0.384
"Jun 20, 2015",-0.394
"Jun 21, 2015",-0.386
"Jun 22, 2015",-0.403
"Jun 23, 2015",0.03
"Jun 24, 2015",0.719
"Jun 25, 2015",-0.399
"Jun 26, 2015",-0.411
"Jun 27, 2015",-0.421
"Jun 28, 2015",-0.285
"Jun 29, 2015",-0.378
"Jun 30, 2015",-0.248
"Jul 1, 2015",-0.298
"Jul 2, 2015",0.158
"Jul 3, 2015",-0.42
"Jul 4, 2015",-0.235
"Jul 5, 2015",-0.334
"Jul 6, 2015",-0.185
"Jul 7, 2015",0.567
"Jul 8, 2015",-0.198
"Jul 9, 2015",0.357
"Jul 10, 2015",0.362
"Jul 11, 2015",0.058
"Jul 12, 2015",0.092
"Jul 13, 2015",-0.311
"Jul 14, 2015",-0.393
"Jul 15, 2015",-0.306
"Jul 16, 2015",0.01
"Jul 17, 2015",0.705
"Jul 18, 2015",-0.075
"Jul 19, 2015",-0.238
"Jul 20, 2015",-0.208
"Jul 21, 2015",0.679
"Jul 22, 2015",-0.379
"Jul 23, 2015",0.172
"Jul 24, 2015",-0.166
"Jul 25, 2015",-0.085
"Jul 26, 2015",0.331
"Jul 27, 2015",-0.305
"Jul 28, 2015",0.43
"Jul 29, 2015",-0.25
"Jul 30, 2015",0.104
"Jul 31, 2015",0.06
"Aug 1, 2015",0.255
"Aug 2, 2015",0.049
"Aug 3, 2015",-0.164
"Aug 4, 2015",-0.369
"Aug 5, 2015",0.139
"Aug 6, 2015",-0.277
"Aug 7, 2015",-0.168
"Aug 8, 2015",0.101
"Aug 9, 2015",-0.052
"Aug 10, 2015",0.26
"Aug 11, 2015",-0.342
"Aug 12, 2015",-0.377
"Aug 13, 2015",0.481
"Aug 14, 2015",-0.269
"Aug 15, 2015",0.495
"Aug 16, 2015",-0.358
"Aug 17, 2015",-0.396
"Aug 18, 2015",-0.36
"Aug 19, 2015",-0.117
"Aug 20, 2015",-0.102
"Aug 21, 2015",-0.304
"Aug 22, 2015",-0.318
"Aug 23, 2015",-0.015
"Aug 24, 2015",-0.275
"Aug 25, 2015",-0.423
"Aug 26, 2015",-0.409
"Aug 27, 2015",-0.376
"Aug 28, 2015",-0.456
"Aug 29, 2015",-0.422
"Aug 30, 2015",-0.321
"Aug 31, 2015",-0.147
"Sep 1, 2015",-0.434
"Sep 2, 2015",-0.408
"Sep 3, 2015",-0.113
"Sep 4, 2015",-0.409
"Sep 5, 2015",-0.38
"Sep 6, 2015",-0.385
"Sep 7, 2015",-0.414
"Sep 8, 2015",-0.436
"Sep 9, 2015",-0.429
"Sep 10, 2015",-0.44
"Sep 11, 2015",-0.425
"Sep 12, 2015",-0.435
"Sep 13, 2015",-0.416
"Sep 14, 2015",-0.424
"Sep 15, 2015",-0.419
"Sep 16, 2015",-0.424
"Sep 17, 2015",-0.416
"Sep 18, 2015",-0.395
"Sep 19, 2015",-0.428
"Sep 20, 2015",-0.188
"Sep 21, 2015",-0.259
"Sep 22, 2015",0.298
"Sep 23, 2015",0.223
"Sep 24, 2015",-0.445
"Sep 25, 2015",-0.435
"Sep 26, 2015",-0.42
"Sep 27, 2015",0.004
"Sep 28, 2015",-0.413
"Sep 29, 2015",-0.429
"Sep 30, 2015",-0.433
"Oct 1, 2015",-0.449
"Oct 2, 2015",-0.437
"Oct 3, 2015",-0.445
"Oct 4, 2015",-0.431
"Oct 5, 2015",-0.449
"Oct 6, 2015",-0.418
"Oct 7, 2015",-0.444
"Oct 8, 2015",-0.452
"Oct 9, 2015",-0.444
"Oct 10, 2015",-0.433
"Oct 11, 2015",-0.427
"Oct 12, 2015",-0.398
"Oct 13, 2015",-0.345
"Oct 14, 2015",0.318
"Oct 15, 2015",-0.427
"Oct 16, 2015",-0.437
"Oct 17, 2015",-0.435
"Oct 18, 2015",-0.421
"Oct 19, 2015",-0.128
"Oct 20, 2015",-0.331
"Oct 21, 2015",-0.43
"Oct 22, 2015",-0.418
"Oct 23, 2015",-0.43
"Oct 24, 2015",0.238
"Oct 25, 2015",0.5
"Oct 26, 2015",-0.29
"Oct 27, 2015",-0.246
"Oct 28, 2015",-0.438
"Oct 29, 2015",-0.431
"Oct 30, 2015",-0.441
"Oct 31, 2015",-0.427
"Nov 1, 2015",0.057
"Nov 2, 2015",-0.259
"Nov 3, 2015",0.071
"Nov 4, 2015",0.245
"Nov 5, 2015",0.134
"Nov 6, 2015",-0.377
"Nov 7, 2015",-0.083
"Nov 8, 2015",-0.061
"Nov 9, 2015",0.313
"Nov 10, 2015",0.358
"Nov 11, 2015",0.309
"Nov 12, 2015",0.365
"Nov 13, 2015",-0.442
"Nov 14, 2015",-0.433
"Nov 15, 2015",-0.446
"Nov 16, 2015",-0.459
"Nov 17, 2015",-0.446
"Nov 18, 2015",-0.329
"Nov 19, 2015",-0.421
"Nov 20, 2015",-0.44
"Nov 21, 2015",-0.44
"Nov 22, 2015",0.19
"Nov 23, 2015",-0.445
"Nov 24, 2015",-0.43
"Nov 25, 2015",0.132
"Nov 26, 2015",-0.44
"Nov 27, 2015",-0.443
"Nov 28, 2015",-0.44
"Nov 29, 2015",-0.319
"Nov 30, 2015",-0.138
"Dec 1, 2015",-0.435
"Dec 2, 2015",-0.405
"Dec 3, 2015",-0.28
"Dec 4, 2015",-0.055
"Dec 5, 2015",-0.416
"Dec 6, 2015",-0.426
"Dec 7, 2015",-0.413
"Dec 8, 2015",-0.024
"Dec 9, 2015",-0.077
"Dec 10, 2015",0.267
"Dec 11, 2015",-0.453
"Dec 12, 2015",-0.433
"Dec 13, 2015",-0.135
"Dec 14, 2015",-0.425
"Dec 15, 2015",-0.45
"Dec 16, 2015",-0.427
"Dec 17, 2015",-0.426
"Dec 18, 2015",-0.442
"Dec 19, 2015",-0.441
"Dec 20, 2015",-0.448
"Dec 21, 2015",-0.436
"Dec 22, 2015",0.079
"Dec 23, 2015",-0.262
"Dec 24, 2015",-0.452
"Dec 25, 2015",-0.001
"Dec 26, 2015",0.12
"Dec 27, 2015",-0.061
"Dec 28, 2015",-0.442
"Dec 29, 2015",-0.456
"Dec 30, 2015",-0.438
"Dec 31, 2015",-0.056
"Jan 1, 2016",-0.348
"Jan 2, 2016",-0.006
"Jan 3, 2016",-0.249
"Jan 4, 2016",-0.128
"Jan 5, 2016",-0.382
"Jan 6, 2016",0.197
"Jan 7, 2016",-0.052
"Jan 8, 2016",-0.433
"Jan 9, 2016",-0.338
"Jan 10, 2016",-0.372
"Jan 11, 2016",-0.336
"Jan 12, 2016",0.396
"Jan 13, 2016",-0.398
"Jan 14, 2016",0.215
"Jan 15, 2016",-0.433
"Jan 16, 2016",-0.444
"Jan 17, 2016",-0.112
"Jan 18, 2016",-0.191
"Jan 19, 2016",-0.313
"Jan 20, 2016",-0.421
"Jan 21, 2016",-0.075
"Jan 22, 2016",-0.139
"Jan 23, 2016",-0.057
"Jan 24, 2016",-0.24
"Jan 25, 2016",-0.152
"Jan 26, 2016",0.155
"Jan 27, 2016",-0.435
"Jan 28, 2016",0.254
"Jan 29, 2016",0.173
"Jan 30, 2016",-0.014
"Jan 31, 2016",-0.186
"Feb 1, 2016",-0.433
"Feb 2, 2016",-0.433
"Feb 3, 2016",-0.44
"Feb 4, 2016",-0.003
"Feb 5, 2016",-0.445
"Feb 6, 2016",0.308
"Feb 7, 2016",-0.348
"Feb 8, 2016",-0.402
"Feb 9, 2016",-0.45
"Feb 10, 2016",0.112
"Feb 11, 2016",0.399
"Feb 12, 2016",0.005
"Feb 13, 2016",-0.331
"Feb 14, 2016",-0.392
"Feb 16, 2016",-0.427
"Feb 17, 2016",-0.44
"Feb 18, 2016",-0.44
"Feb 28, 2016",
"Feb 29, 2016",-0.36
"Mar 1, 2016",-0.156
"Mar 2, 2016",0.054
"Mar 3, 2016",-0.327
"Mar 4, 2016",-0.413
"Mar 5, 2016",0.354
"Mar 6, 2016",0.623
"Mar 7, 2016",-0.412
"Mar 8, 2016",-0.432
"Mar 9, 2016",-0.423
"Mar 10, 2016",-0.414
"Mar 11, 2016",0.504
"Mar 12, 2016",0.402
"Mar 13, 2016",0.479
"Mar 14, 2016",-0.243
"Mar 15, 2016",-0.404
"Mar 16, 2016",0.159
"Mar 17, 2016",0.282
"Mar 18, 2016",-0.232
"Mar 19, 2016",-0.173
"Mar 20, 2016",0.426
"Mar 21, 2016",-0.405
"Mar 22, 2016",-0.424
"Mar 23, 2016",0.14
"Mar 24, 2016",0.26
"Mar 25, 2016",0.409
"Mar 26, 2016",-0.207
"Mar 27, 2016",-0.411
"Mar 28, 2016",-0.142
"Mar 29, 2016",-0.193
"Mar 30, 2016",-0.381
"Mar 31, 2016",0.208
"Apr 1, 2016",0.35
"Apr 2, 2016",0.185
"Apr 3, 2016",0.1
"Apr 4, 2016",-0.356
"Apr 5, 2016",-0.311
"Apr 6, 2016",0.427
"Apr 7, 2016",-0.414
"Apr 8, 2016",-0.241
"Apr 9, 2016",-0.136
"Apr 10, 2016",0.253
"Apr 11, 2016",-0.153
"Apr 12, 2016",-0.426
"Apr 13, 2016",-0.377
"Apr 14, 2016",-0.354
"Apr 15, 2016",-0.199
"Apr 16, 2016",-0.358
"Apr 17, 2016",0.452
"Apr 18, 2016",-0.402
"Apr 19, 2016",0.544
"Apr 20, 2016",-0.4
"Apr 21, 2016",0.408
"Apr 22, 2016",-0.398
"Apr 23, 2016",-0.423
"Apr 24, 2016",-0.417
"Apr 25, 2016",-0.32
"Apr 26, 2016",-0.135
"Apr 27, 2016",-0.416
"Apr 28, 2016",-0.426
"Apr 29, 2016",-0.415
"Apr 30, 2016",-0.422
"May 1, 2016",-0.412
"May 2, 2016",-0.418
"May 3, 2016",0.081
"May 4, 2016",0.568
"May 5, 2016",0.117
"May 6, 2016",-0.422
"May 7, 2016",-0.427
"May 8, 2016",-0.391
"May 9, 2016",-0.164
"May 10, 2016",-0.352
"May 11, 2016",-0.423
"May 12, 2016",-0.089
"May 13, 2016",-0.165
"May 14, 2016",-0.374
"May 15, 2016",-0.417
"May 16, 2016",-0.423
"May 17, 2016",-0.406
"May 18, 2016",-0.414
"May 19, 2016",-0.404
"May 20, 2016",-0.427
"May 21, 2016",-0.399
"May 22, 2016",-0.419
"May 23, 2016",-0.362
"May 24, 2016",-0.247
"May 25, 2016",-0.407
"May 26, 2016",-0.368
"May 27, 2016",-0.412
"May 28, 2016",-0.394
"May 29, 2016",-0.4
"May 30, 2016",-0.413
"May 31, 2016",-0.389
"Jun 1, 2016",-0.4
"Jun 2, 2016",-0.36
"Jun 3, 2016",-0.387
"Jun 4, 2016",-0.322
"Jun 5, 2016",-0.413
"Jun 6, 2016",-0.402
"Jun 7, 2016",-0.407
"Jun 8, 2016",-0.387
"Jun 9, 2016",-0.367
"Jun 10, 2016",-0.319
"Jun 11, 2016",-0.266
"Jun 12, 2016",-0.406
"Jun 13, 2016",-0.277
"Jun 14, 2016",-0.356
"Jun 15, 2016",-0.344
"Jun 16, 2016",0.234
"Jun 17, 2016",-0.082
"Jun 18, 2016",-0.36
"Jun 19, 2016",-0.394
"Jun 20, 2016",-0.211
"Jun 21, 2016",-0.403
"Jun 22, 2016",-0.399
"Jun 23, 2016",-0.395
"Jun 24, 2016",-0.409
"Jun 25, 2016",-0.381
"Jun 26, 2016",-0.396
"Jun 27, 2016",-0.209
"Jun 28, 2016",-0.363
"Jun 29, 2016",-0.334
"Jun 30, 2016",-0.394
"Jul 1, 2016",-0.324
"Jul 2, 2016",0.018
"Jul 3, 2016",-0.304
"Jul 4, 2016",-0.341
"Jul 5, 2016",-0.41
"Jul 6, 2016",-0.161
"Jul 7, 2016",-0.345
"Jul 8, 2016",-0.344
"Jul 9, 2016",0.056
"Jul 10, 2016",-0.402
"Jul 11, 2016",-0.052
"Jul 12, 2016",-0.203
"Jul 13, 2016",-0.325
"Jul 14, 2016",0.384
"Jul 15, 2016",-0.182
"Jul 16, 2016",-0.324
"Jul 17, 2016",-0.277
"Jul 18, 2016",0.144
"Jul 19, 2016",-0.393
"Jul 20, 2016",-0.375
"Jul 21, 2016",-0.375
"Jul 22, 2016",-0.345
"Jul 23, 2016",-0.356
"Jul 24, 2016",-0.311
"Jul 25, 2016",0.263
"Jul 26, 2016",0.032
"Jul 27, 2016",0.577
"Jul 28, 2016",-0.279
"Jul 29, 2016",-0.156
"Jul 30, 2016",0.626
"Jul 31, 2016",-0.071
"Aug 1, 2016",-0.32
"Aug 2, 2016",0.203
"Aug 3, 2016",-0.429
"Aug 4, 2016",-0.421
"Aug 5, 2016",-0.332
"Aug 6, 2016",-0.421
"Aug 7, 2016",0.222
"Aug 8, 2016",-0.262
"Aug 9, 2016",0.261
"Aug 10, 2016",0.55
"Aug 11, 2016",-0.295
"Aug 12, 2016",0.028
"Aug 13, 2016",-0.329
"Aug 14, 2016",-0.188
"Aug 15, 2016",-0.423
"Aug 16, 2016",-0.424
"Aug 17, 2016",-0.287
"Aug 18, 2016",-0.409
"Aug 19, 2016",-0.187
"Aug 20, 2016",-0.42
"Aug 21, 2016",-0.356
"Aug 22, 2016",-0.415
"Aug 23, 2016",-0.39
"Aug 24, 2016",-0.347
"Aug 25, 2016",-0.07
"Aug 26, 2016",-0.236
"Aug 27, 2016",0.491
"Aug 28, 2016",0.061
"Aug 29, 2016",-0.433
"Aug 30, 2016",-0.393
"Aug 31, 2016",-0.348
"Sep 1, 2016",-0.228
"Sep 2, 2016",-0.197
"Sep 3, 2016",-0.439
"Sep 4, 2016",-0.405
"Sep 5, 2016",-0.395
"Sep 6, 2016",-0.36
"Sep 7, 2016",-0.396
"Sep 8, 2016",-0.367
"Sep 9, 2016",-0.337
"Sep 10, 2016",-0.189
"Sep 11, 2016",-0.347
"Sep 12, 2016",-0.326
"Sep 13, 2016",-0.329
"Sep 14, 2016",-0.419
"Sep 15, 2016",-0.386
"Sep 16, 2016",-0.416
"Sep 17, 2016",-0.415
"Sep 18, 2016",-0.415
"Sep 19, 2016",-0.414
"Sep 20, 2016",-0.383
"Sep 21, 2016",-0.406
"Sep 22, 2016",-0.369
"Sep 23, 2016",-0.211
"Sep 24, 2016",0.325
"Sep 25, 2016",-0.385
"Sep 26, 2016",-0.191
"Sep 27, 2016",-0.162
"Sep 28, 2016",-0.251
"Sep 29, 2016",-0.303
"Sep 30, 2016",-0.414
"Oct 1, 2016",-0.377
"Oct 2, 2016",-0.432
"Oct 3, 2016",-0.383
"Oct 4, 2016",-0.407
"Oct 5, 2016",0.38
"Oct 6, 2016",-0.354
"Oct 7, 2016",-0.408
"Oct 8, 2016",-0.375
"Oct 9, 2016",-0.424
"Oct 10, 2016",-0.396
"Oct 11, 2016",-0.433
"Oct 12, 2016",-0.417
"Oct 13, 2016",-0.409
"Oct 14, 2016",-0.426
"Oct 15, 2016",-0.418
"Oct 16, 2016",-0.434
"Oct 17, 2016",-0.39
"Oct 18, 2016",-0.429
"Oct 19, 2016",-0.342
"Oct 20, 2016",-0.408
"Oct 21, 2016",-0.394
"Oct 22, 2016",-0.347
"Oct 23, 2016",-0.408
"Oct 24, 2016",-0.353
"Oct 25, 2016",-0.413
"Oct 26, 2016",-0.357
"Oct 27, 2016",-0.422
"Oct 28, 2016",-0.419
"Oct 29, 2016",-0.359
"Oct 30, 2016",-0.129
"Oct 31, 2016",-0.381
"Nov 1, 2016",-0.417
"Nov 2, 2016",-0.27
"Nov 3, 2016",-0.396
"Nov 4, 2016",0.15
"Nov 5, 2016",-0.428
"Nov 6, 2016",-0.371
"Nov 7, 2016",-0.43
"Nov 8, 2016",-0.43
"Nov 9, 2016",-0.394
"Nov 10, 2016",-0.414
"Nov 11, 2016",-0.32
"Nov 12, 2016",0.357
"Nov 13, 2016",-0.393
"Nov 14, 2016",-0.337
"Nov 15, 2016",-0.407
"Nov 16, 2016",-0.391
"Nov 17, 2016",-0.407
"Nov 18, 2016",-0.348
"Nov 19, 2016",-0.41
"Nov 20, 2016",0.323
"Nov 21, 2016",0.24
"Nov 22, 2016",-0.046
"Nov 23, 2016",-0.227
"Nov 24, 2016",0.051
"Nov 25, 2016",0.108
"Nov 26, 2016",0.052
"Nov 27, 2016",-0.372
"Nov 28, 2016",-0.42
"Nov 29, 2016",-0.071
"Nov 30, 2016",0.043
"Dec 1, 2016",-0.411
"Dec 2, 2016",-0.404
"Dec 3, 2016",-0.35
"Dec 4, 2016",-0.404
"Dec 5, 2016",-0.409
"Dec 6, 2016",-0.319
"Dec 7, 2016",-0.207
"Dec 8, 2016",-0.26
"Dec 9, 2016",-0.331
"Dec 10, 2016",-0.356
"Dec 11, 2016",-0.383
"Dec 12, 2016",-0.194
"Dec 13, 2016",-0.368
"Dec 14, 2016",-0.427
"Dec 15, 2016",0.132
"Dec 16, 2016",-0.254
"Dec 17, 2016",-0.413
"Dec 18, 2016",-0.403
"Dec 19, 2016",-0.039
"Dec 20, 2016",-0.404
"Dec 21, 2016",-0.39
"Dec 22, 2016",-0.062
"Dec 23, 2016",-0.381
"Dec 24, 2016",-0.375
"Dec 25, 2016",-0.427
"Dec 26, 2016",-0.416
"Dec 27, 2016",-0.345
"Dec 28, 2016",-0.389
"Dec 29, 2016",-0.277
"Dec 30, 2016",-0.389
"Dec 31, 2016",-0.371
"Jan 1, 2017",-0.425
"Jan 2, 2017",-0.365
"Jan 3, 2017",0.096
"Jan 4, 2017",0.519
"Jan 5, 2017",0.079
"Jan 6, 2017",0.224
"Jan 7, 2017",-0.365
"Jan 8, 2017",-0.337
"Jan 9, 2017",-0.423
"Jan 10, 2017",-0.43
"Jan 11, 2017",-0.436
"Jan 12, 2017",-0.259
"Jan 13, 2017",-0.011
"Jan 14, 2017",0.325
"Jan 15, 2017",-0.055
"Jan 16, 2017",0.184
"Jan 17, 2017",0.133
"Jan 18, 2017",0.234
"Jan 19, 2017",-0.272
"Jan 20, 2017",-0.053
"Jan 21, 2017",-0.016
"Jan 22, 2017",-0.436
"Jan 23, 2017",0.179
"Jan 24, 2017",0.535
"Jan 25, 2017",0.53
"Jan 26, 2017",0.435
"Jan 27, 2017",-0.407
"Jan 28, 2017",0.146
"Jan 29, 2017",0.161
"Jan 30, 2017",-0.037
"Jan 31, 2017",-0.427
"Feb 1, 2017",-0.308
"Feb 2, 2017",0.366
"Feb 3, 2017",0.448
"Feb 4, 2017",0.393
"Feb 5, 2017",-0.157
"Feb 6, 2017",-0.305
"Feb 7, 2017",-0.305
"Feb 8, 2017",0.123
"Feb 9, 2017",-0.438
"Feb 10, 2017",-0.434
"Feb 11, 2017",-0.44
"Feb 12, 2017",-0.427
"Feb 13, 2017",-0.407
"Feb 14, 2017",0.068
"Feb 15, 2017",0.17
"Feb 16, 2017",-0.104
"Feb 17, 2017",0.047
"Feb 18, 2017",0.394
"Feb 19, 2017",-0.261
"Feb 20, 2017",-0.374
"Feb 21, 2017",-0.382
"Feb 22, 2017",-0.412
"Feb 23, 2017",-0.434
"Feb 24, 2017",0.193
"Feb 25, 2017",-0.429
"Feb 26, 2017",-0.438
"Feb 27, 2017",-0.426
"Feb 28, 2017",-0.21
"Mar 1, 2017",-0.336
"Mar 2, 2017",-0.424
"Mar 3, 2017",0.007
"Mar 4, 2017",-0.434
"Mar 5, 2017",-0.432
"Mar 6, 2017",-0.425
"Mar 7, 2017",0.498
"Mar 8, 2017",0.05
"Mar 9, 2017",0.006
"Mar 10, 2017",-0.276
"Mar 11, 2017",-0.388
"Mar 12, 2017",-0.375
"Mar 13, 2017",-0.424
"Mar 14, 2017",-0.41
"Mar 15, 2017",0.305
"Mar 16, 2017",-0.098
"Mar 17, 2017",-0.385
"Mar 18, 2017",-0.346
"Mar 19, 2017",-0.342
"Mar 20, 2017",-0.388
"Mar 21, 2017",0.171
"Mar 22, 2017",0.305
"Mar 23, 2017",-0.42
"Mar 24, 2017",-0.403
"Mar 25, 2017",0.123
"Mar 26, 2017",-0.407
"Mar 27, 2017",-0.396
"Mar 28, 2017",-0.207
"Mar 29, 2017",-0.155
"Mar 30, 2017",-0.374
"Mar 31, 2017",-0.403
"Apr 1, 2017",-0.429
"Apr 2, 2017",-0.4
"Apr 3, 2017",-0.425
"Apr 4, 2017",0.506
"Apr 5, 2017",-0.125
"Apr 6, 2017",0.035
"Apr 7, 2017",0.574
"Apr 8, 2017",-0.409
"Apr 9, 2017",-0.412
"Apr 10, 2017",-0.413
"Apr 11, 2017",-0.351
"Apr 12, 2017",-0.407
"Apr 13, 2017",-0.377
"Apr 14, 2017",-0.408
"Apr 15, 2017",-0.377
"Apr 16, 2017",-0.399
"Apr 17, 2017",-0.42
"Apr 18, 2017",-0.339
"Apr 19, 2017",-0.398
"Apr 20, 2017",-0.364
"Apr 21, 2017",0.032
"Apr 22, 2017",0.145
"Apr 23, 2017",-0.387
"Apr 24, 2017",
"Apr 25, 2017",-0.404
"Apr 26, 2017",-0.373
"Apr 27, 2017",-0.398
"Apr 28, 2017",-0.391
"Apr 29, 2017",0.436
"Apr 30, 2017",-0.417
"May 1, 2017",-0.417
"May 2, 2017",0.143
"May 3, 2017",0.444
"May 4, 2017",-0.398
"May 5, 2017",-0.388
"May 6, 2017",-0.372
"May 7, 2017",-0.359
"May 8, 2017",-0.408
"May 9, 2017",-0.422
"May 10, 2017",-0.27
"May 11, 2017",-0.02
"May 12, 2017",-0.425
"May 13, 2017",-0.396
"May 14, 2017",-0.425
"May 15, 2017",-0.064
"May 16, 2017",0.338
"May 17, 2017",0.282
"May 18, 2017",-0.426
"May 19, 2017",-0.418
"May 20, 2017",-0.397
"May 21, 2017",0.334
"May 22, 2017",-0.097
"May 23, 2017",-0.414
"May 24, 2017",0.03
"May 25, 2017",-0.402
"May 26, 2017",-0.415
"May 27, 2017",-0.406
"May 28, 2017",-0.423
"May 29, 2017",-0.399
"May 30, 2017",-0.426
"May 31, 2017",-0.061
"Jun 1, 2017",-0.397
"Jun 2, 2017",-0.382
"Jun 3, 2017",-0.405
"Jun 4, 2017",-0.415
"Jun 5, 2017",-0.283
"Jun 6, 2017",-0.392
"Jun 7, 2017",-0.385
"Jun 8, 2017",-0.398
"Jun 9, 2017",-0.406
"Jun 10, 2017",-0.054
"Jun 11, 2017",-0.41
"Jun 12, 2017",-0.378
"Jun 13, 2017",-0.41
"Jun 14, 2017",-0.362
"Jun 15, 2017",-0.384
"Jun 16, 2017",-0.33
"Jun 17, 2017",-0.293
"Jun 18, 2017",-0.3
"Jun 19, 2017",0.517
"Jun 20, 2017",-0.402
"Jun 21, 2017",0.103
"Jun 22, 2017",-0.414
"Jun 23, 2017",-0.405
"Jun 24, 2017",-0.243
"Jun 25, 2017",-0.398
"Jun 26, 2017",0.279
"Jun 27, 2017",0.557
"Jun 28, 2017",0.433
"Jun 29, 2017",-0.012
"Jun 30, 2017",-0.322
"Jul 1, 2017",-0.388
"Jul 2, 2017",-0.237
"Jul 3, 2017",-0.424
"Jul 4, 2017",-0.391
"Jul 5, 2017",-0.331
"Jul 6, 2017",-0.417
"Jul 7, 2017",-0.16
"Jul 8, 2017",-0.401
"Jul 9, 2017",-0.152
"Jul 10, 2017",0.195
"Jul 11, 2017",0.141
"Jul 12, 2017",0.05
"Jul 13, 2017",-0.323
"Jul 14, 2017",-0.392
"Jul 15, 2017",-0.42
"Jul 16, 2017",-0.096
"Jul 17, 2017",-0.176
"Jul 18, 2017",-0.047
"Jul 19, 2017",-0.197
"Jul 20, 2017",-0.415
"Jul 21, 2017",0.332
"Jul 22, 2017",-0.154
"Jul 23, 2017",-0.24
"Jul 24, 2017",-0.238
"Jul 25, 2017",0.009
"Jul 26, 2017",0.306
"Jul 27, 2017",0.509
"Jul 28, 2017",-0.104
"Jul 29, 2017",-0.04
"Jul 30, 2017",-0.153
"Jul 31, 2017",0.597
"Aug 1, 2017",0.43
"Aug 2, 2017",0.367
"Aug 3, 2017",-0.212
"Aug 4, 2017",-0.305
"Aug 5, 2017",-0.205
"Aug 6, 2017",-0.239
"Aug 7, 2017",-0.356
"Aug 8, 2017",-0.122
"Aug 9, 2017",-0.293
"Aug 10, 2017",-0.168
"Aug 11, 2017",-0.259
"Aug 12, 2017",-0.386
"Aug 13, 2017",-0.291
"Aug 14, 2017",-0.339
"Aug 15, 2017",-0.375
"Aug 16, 2017",-0.423
"Aug 17, 2017",-0.368
"Aug 18, 2017",-0.336
"Aug 19, 2017",-0.308
"Aug 20, 2017",-0.42
"Aug 21, 2017",-0.344
"Aug 22, 2017",0.221
"Aug 23, 2017",-0.302
"Aug 24, 2017",0.04
"Aug 25, 2017",-0.153
"Aug 26, 2017",-0.327
"Aug 27, 2017",-0.417
"Aug 28, 2017",-0.318
"Aug 29, 2017",-0.435
"Aug 30, 2017",-0.314
"Aug 31, 2017",-0.342
"Sep 1, 2017",-0.331
"Sep 2, 2017",-0.352
"Sep 3, 2017",-0.317
"Sep 4, 2017",-0.122
"Sep 5, 2017",-0.26
"Sep 6, 2017",-0.377
"Sep 7, 2017",-0.39
"Sep 8, 2017",-0.399
"Sep 9, 2017",-0.4
"Sep 10, 2017",-0.319
"Sep 11, 2017",-0.222
"Sep 12, 2017",-0.392
"Sep 13, 2017",-0.281
"Sep 14, 2017",-0.401
"Sep 15, 2017",-0.428
"Sep 16, 2017",-0.423
"Sep 17, 2017",-0.434
"Sep 18, 2017",-0.404
"Sep 19, 2017",-0.442
"Sep 20, 2017",-0.4
"Sep 21, 2017",-0.433
"Sep 22, 2017",-0.423
"Sep 23, 2017",-0.387
"Sep 24, 2017",-0.081
"Sep 25, 2017",-0.316
"Sep 26, 2017",-0.447
"Sep 27, 2017",-0.38
"Sep 28, 2017",-0.438
"Sep 29, 2017",-0.399
"Sep 30, 2017",-0.42
"Oct 1, 2017",-0.409
"Oct 2, 2017",-0.395
"Oct 3, 2017",-0.435
"Oct 4, 2017",-0.358
"Oct 5, 2017",-0.407
"Oct 6, 2017",-0.366
"Oct 7, 2017",-0.339
"Oct 8, 2017",-0.212
"Oct 9, 2017",-0.399
"Oct 10, 2017",-0.43
"Oct 11, 2017",-0.403
"Oct 12, 2017",-0.432
"Oct 13, 2017",-0.386
"Oct 14, 2017",-0.43
"Oct 15, 2017",-0.378
"Oct 16, 2017",-0.422
"Oct 17, 2017",-0.427
"Oct 18, 2017",-0.409
"Oct 19, 2017",-0.42
"Oct 20, 2017",-0.368
"Oct 21, 2017",-0.435
"Oct 22, 2017",-0.342
"Oct 23, 2017",-0.397
"Oct 24, 2017",-0.404
"Oct 25, 2017",-0.432
"Oct 26, 2017",-0.424
"Oct 27, 2017",-0.339
"Oct 28, 2017",-0.409
"Oct 29, 2017",-0.253
"Oct 30, 2017",-0.409
"Oct 31, 2017",-0.028
"Nov 1, 2017",-0.396
"Nov 2, 2017",-0.32
"Nov 3, 2017",-0.398
"Nov 4, 2017",-0.387
"Nov 5, 2017",-0.224
"Nov 6, 2017",-0.417
"Nov 7, 2017",-0.215
"Nov 8, 2017",-0.366
"Nov 9, 2017",-0.321
"Nov 10, 2017",-0.328
"Nov 11, 2017",-0.401
"Nov 12, 2017",-0.311
"Nov 13, 2017",-0.411
"Nov 14, 2017",0.334
"Nov 15, 2017",0.108
"Nov 16, 2017",-0.337
"Nov 17, 2017",-0.248
"Nov 18, 2017",-0.411
"Nov 19, 2017",-0.35
"Nov 20, 2017",-0.441
"Nov 21, 2017",-0.414
"Nov 22, 2017",-0.441
"Nov 23, 2017",-0.323
"Nov 24, 2017",-0.435
"Nov 25, 2017",-0.421
"Nov 26, 2017",-0.42
"Nov 27, 2017",-0.436
"Nov 28, 2017",-0.045
"Nov 29, 2017",-0.437
"Nov 30, 2017",-0.42
"Dec 1, 2017",-0.403
"Dec 2, 2017",-0.43
"Dec 3, 2017",-0.429
"Dec 4, 2017",-0.438
"Dec 5, 2017",-0.418
"Dec 6, 2017",-0.443
"Dec 7, 2017",-0.421
"Dec 8, 2017",-0.433
"Dec 9, 2017",0.054
"Dec 10, 2017",-0.392
"Dec 11, 2017",0.514
"Dec 12, 2017",0.213
"Dec 13, 2017",0.424
"Dec 14, 2017",-0.113
"Dec 15, 2017",-0.419
"Dec 16, 2017",-0.454
"Dec 17, 2017",-0.345
"Dec 18, 2017",-0.058
"Dec 19, 2017",-0.184
"Dec 20, 2017",-0.445
"Dec 21, 2017",-0.08
"Dec 22, 2017",-0.447
"Dec 23, 2017",-0.369
"Dec 24, 2017",0.022
"Dec 25, 2017",-0.434
"Dec 26, 2017",0.076
"Dec 27, 2017",-0.416
"Dec 28, 2017",-0.416
"Dec 29, 2017",-0.438
"Dec 30, 2017",-0.421
"Dec 31, 2017",-0.106
"Jan 1, 2018",-0.415
"Jan 2, 2018",-0.431
"Jan 3, 2018",-0.421
"Jan 4, 2018",0.055
"Jan 5, 2018",-0.407
"Jan 6, 2018",-0.424
"Jan 7, 2018",-0.443
"Jan 8, 2018",-0.391
"Jan 9, 2018",-0.434
"Jan 10, 2018",-0.427
"Jan 11, 2018",0.049
"Jan 12, 2018",-0.443
"Jan 13, 2018",-0.428
"Jan 14, 2018",-0.419
"Jan 15, 2018",-0.419
"Jan 16, 2018",-0.433
"Jan 17, 2018",0.03
"Jan 18, 2018",-0.027
"Jan 19, 2018",-0.411
"Jan 20, 2018",-0.427
"Jan 21, 2018",-0.418
"Jan 22, 2018",-0.424
"Jan 23, 2018",0.344
"Jan 24, 2018",-0.197
"Jan 25, 2018",-0.403
"Jan 26, 2018",-0.27
"Jan 27, 2018",-0.414
"Jan 28, 2018",-0.388
"Jan 29, 2018",0.27
"Jan 30, 2018",-0.41
"Jan 31, 2018",0.299
"Feb 1, 2018",-0.417
"Feb 2, 2018",-0.357
"Feb 3, 2018",-0.41
"Feb 4, 2018",-0.434
"Feb 5, 2018",-0.428
"Feb 6, 2018",-0.427
"Feb 7, 2018",-0.414
"Feb 8, 2018",-0.425
"Feb 9, 2018",-0.193
"Feb 10, 2018",0.066
"Feb 11, 2018",0.128
"Feb 12, 2018",0.497
"Feb 13, 2018",-0.168
"Feb 14, 2018",-0.408
"Feb 15, 2018",-0.237
"Feb 16, 2018",-0.299
"Feb 17, 2018",-0.423
"Feb 18, 2018",-0.404
"Feb 19, 2018",-0.402
"Feb 20, 2018",-0.292
"Feb 21, 2018",0.344
"Feb 22, 2018",0.391
"Feb 23, 2018",0.077
"Feb 24, 2018",0.591
"Feb 25, 2018",-0.332
"Feb 26, 2018",-0.199
"Feb 27, 2018",-0.377
"Feb 28, 2018",-0.141
"Mar 1, 2018",0.066
"Mar 2, 2018",0.412
"Mar 3, 2018",0.199
"Mar 4, 2018",-0.396
"Mar 5, 2018",-0.425
"Mar 6, 2018",-0.405
"Mar 7, 2018",-0.425
"Mar 8, 2018",-0.289
"Mar 9, 2018",-0.418
"Mar 10, 2018",-0.383
"Mar 11, 2018",-0.303
"Mar 12, 2018",-0.28
"Mar 13, 2018",0.04
"Mar 14, 2018",0.544
"Mar 15, 2018",-0.391
"Mar 16, 2018",-0.411
"Mar 17, 2018",-0.419
"Mar 18, 2018",0.28
"Mar 19, 2018",0.078
"Mar 20, 2018",0.072
"Mar 21, 2018",0.338
"Mar 22, 2018",-0.364
"Mar 23, 2018",-0.422
"Mar 24, 2018",-0.38
"Mar 25, 2018",-0.341
"Mar 26, 2018",-0.38
"Mar 27, 2018",-0.339
"Mar 28, 2018",-0.416
"Mar 29, 2018",-0.387
"Mar 30, 2018",-0.407
"Mar 31, 2018",-0.39
"Apr 1, 2018",-0.408
"Apr 2, 2018",-0.079
"Apr 3, 2018",-0.284
"Apr 4, 2018",-0.368
"Apr 5, 2018",-0.05
"Apr 6, 2018",-0.303
"Apr 7, 2018",-0.354
"Apr 8, 2018",0.496
"Apr 9, 2018",-0.303
"Apr 10, 2018",-0.065
"Apr 11, 2018",-0.069
"Apr 12, 2018",-0.393
"Apr 13, 2018",-0.351
"Apr 14, 2018",-0.36
"Apr 15, 2018",-0.383
"Apr 16, 2018",0.006
"Apr 17, 2018",-0.284
"Apr 18, 2018",0.087
"Apr 19, 2018",-0.239
"Apr 20, 2018",0.61
"Apr 21, 2018",-0.365
"Apr 22, 2018",-0.4
"Apr 23, 2018",-0.375
"Apr 24, 2018",-0.4
"Apr 25, 2018",-0.356
"Apr 26, 2018",-0.133
"Apr 27, 2018",-0.401
"Apr 28, 2018",-0.379
"Apr 29, 2018",-0.413
"Apr 30, 2018",-0.39
"May 1, 2018",-0.236
"May 2, 2018",0.351
"May 3, 2018",0.452
"May 4, 2018",-0.404
"May 5, 2018",0.563
"May 6, 2018",0.614
"May 7, 2018",0.242
"May 8, 2018",-0.412
"May 9, 2018",-0.35
"May 10, 2018",-0.414
"May 11, 2018",-0.408
"May 12, 2018",0.558
"May 13, 2018",-0.033
"May 14, 2018",0.191
"May 15, 2018",0.692
"May 16, 2018",-0.336
"May 17, 2018",0.318
"May 18, 2018",-0.383
"May 19, 2018",-0.35
"May 20, 2018",-0.391
"May 21, 2018",-0.406
"May 22, 2018",-0.409
"May 23, 2018",-0.398
"May 24, 2018",-0.411
"May 25, 2018",-0.397
"May 26, 2018",-0.343
"May 27, 2018",-0.4
"May 28, 2018",-0.416
"May 29, 2018",-0.328
"May 30, 2018",-0.389
"May 31, 2018",-0.418
"Jun 1, 2018",-0.282
"Jun 2, 2018",-0.415
"Jun 3, 2018",-0.364
"Jun 4, 2018",-0.392
"Jun 5, 2018",-0.345
"Jun 6, 2018",-0.413
"Jun 7, 2018",-0.363
"Jun 8, 2018",-0.292
"Jun 9, 2018",-0.121
"Jun 10, 2018",-0.154
"Jun 11, 2018",-0.409
"Jun 12, 2018",-0.393
"Jun 13, 2018",-0.412
"Jun 14, 2018",-0.382
"Jun 15, 2018",-0.086
"Jun 16, 2018",-0.18
"Jun 17, 2018",-0.289
"Jun 18, 2018",0.103
"Jun 19, 2018",-0.383
"Jun 20, 2018",0.184
"Jun 21, 2018",-0.395
"Jun 22, 2018",0.39
"Jun 23, 2018",-0.404
"Jun 24, 2018",0.103
"Jun 25, 2018",-0.41
"Jun 26, 2018",-0.371
"Jun 27, 2018",0.554
"Jun 28, 2018",-0.014
"Jun 29, 2018",0.239
"Jun 30, 2018",0.203
"Jul 1, 2018",-0.427
"Jul 2, 2018",-0.405
"Jul 3, 2018",-0.224
"Jul 4, 2018",-0.316
"Jul 5, 2018",-0.355
"Jul 6, 2018",-0.396
"Jul 7, 2018",-0.403
"Jul 8, 2018",-0.386
"Jul 9, 2018",-0.326
"Jul 10, 2018",-0.279
"Jul 11, 2018",0.085
"Jul 12, 2018",0.008
"Jul 13, 2018",0.036
"Jul 14, 2018",-0.288
"Jul 15, 2018",0.527
"Jul 16, 2018",0.538
"Jul 17, 2018",-0.173
"Jul 18, 2018",-0.099
"Jul 19, 2018",0.069
"Jul 20, 2018",0.285
"Jul 21, 2018",-0.184
"Jul 22, 2018",0.036
"Jul 23, 2018",0.172
"Jul 24, 2018",0.013
"Jul 25, 2018",0.008
"Jul 26, 2018",-0.128
"Jul 27, 2018",-0.153
"Jul 28, 2018",-0.241
"Jul 29, 2018",0.073
"Jul 30, 2018",-0.362
"Jul 31, 2018",-0.375
"Aug 1, 2018",-0.037
"Aug 2, 2018",-0.007
"Aug 3, 2018",-0.378
"Aug 4, 2018",-0.077
"Aug 5, 2018",-0.324
"Aug 6, 2018",-0.005
"Aug 7, 2018",0.39
"Aug 8, 2018",0.643
"Aug 9, 2018",-0.373
"Aug 10, 2018",-0.263
"Aug 11, 2018",-0.02
"Aug 12, 2018",-0.004
"Aug 13, 2018",0.01
"Aug 14, 2018",0.345
"Aug 15, 2018",-0.312
"Aug 16, 2018",-0.21
"Aug 17, 2018",-0.295
"Aug 18, 2018",-0.265
"Aug 19, 2018",-0.388
"Aug 20, 2018",0.112
"Aug 21, 2018",0.509
"Aug 22, 2018",-0.254
"Aug 23, 2018",-0.076
"Aug 24, 2018",-0.295
"Aug 25, 2018",-0.319
"Aug 26, 2018",0.163
"Aug 27, 2018",0.079
"Aug 28, 2018",-0.395
"Aug 29, 2018",-0.305
"Aug 30, 2018",-0.344
"Aug 31, 2018",-0.355
"Sep 1, 2018",-0.343
"Sep 2, 2018",-0.373
"Sep 3, 2018",-0.341
"Sep 4, 2018",-0.29
"Sep 5, 2018",-0.204
"Sep 6, 2018",-0.386
"Sep 7, 2018",-0.336
"Sep 8, 2018",-0.355
"Sep 9, 2018",-0.275
"Sep 10, 2018",-0.219
"Sep 11, 2018",-0.327
"Sep 12, 2018",-0.337
"Sep 13, 2018",-0.295
"Sep 14, 2018",-0.329
"Sep 15, 2018",-0.048
"Sep 16, 2018",-0.387
"Sep 17, 2018",-0.411
"Sep 18, 2018",-0.429
"Sep 19, 2018",-0.403
"Sep 20, 2018",-0.427
"Sep 21, 2018",-0.281
"Sep 22, 2018",-0.241
"Sep 23, 2018",-0.09
"Sep 24, 2018",-0.155
"Sep 25, 2018",-0.213
"Sep 26, 2018",-0.419
"Sep 27, 2018",-0.359
"Sep 28, 2018",-0.312
"Sep 29, 2018",0.678
"Sep 30, 2018",-0.407
"Oct 1, 2018",-0.44
"Oct 2, 2018",-0.409
"Oct 3, 2018",-0.425
"Oct 4, 2018",-0.091
"Oct 5, 2018",0.194
"Oct 6, 2018",-0.433
"Oct 7, 2018",-0.395
"Oct 8, 2018",-0.424
"Oct 9, 2018",-0.339
"Oct 10, 2018",-0.315
"Oct 11, 2018",-0.354
"Oct 12, 2018",-0.36
"Oct 13, 2018",-0.402
"Oct 14, 2018",-0.335
"Oct 15, 2018",-0.42
"Oct 16, 2018",-0.122
"Oct 17, 2018",-0.21
"Oct 18, 2018",-0.376
"Oct 19, 2018",-0.408
"Oct 20, 2018",-0.427
"Oct 21, 2018",-0.418
"Oct 22, 2018",-0.437
"Oct 23, 2018",-0.399
"Oct 24, 2018",-0.43
"Oct 25, 2018",-0.403
"Oct 26, 2018",-0.429
"Oct 27, 2018",-0.435
"Oct 28, 2018",-0.434
"Oct 29, 2018",-0.408
"Oct 30, 2018",-0.354
"Oct 31, 2018",-0.351
"Nov 1, 2018",-0.101
"Nov 2, 2018",-0.098
"Nov 3, 2018",-0.37
"Nov 4, 2018",-0.43
"Nov 5, 2018",-0.405
"Nov 6, 2018",-0.422
"Nov 7, 2018",-0.435
"Nov 8, 2018",-0.386
"Nov 9, 2018",-0.166
"Nov 10, 2018",0.21
"Nov 11, 2018",0.197
"Nov 12, 2018",0.001
"Nov 13, 2018",0.222
"Nov 14, 2018",0.01
"Nov 15, 2018",-0.353
"Nov 16, 2018",-0.445
"Nov 17, 2018",-0.348
"Nov 18, 2018",-0.435
"Nov 19, 2018",-0.223
"Nov 20, 2018",-0.42
"Nov 21, 2018",-0.427
"Nov 22, 2018",0.277
"Nov 23, 2018",-0.44
"Nov 24, 2018",-0.424
"Nov 25, 2018",-0.441
"Nov 26, 2018",-0.417
"Nov 27, 2018",-0.145
"Nov 28, 2018",-0.428
"Nov 29, 2018",-0.385
"Nov 30, 2018",-0.439
"Dec 1, 2018",-0.392
"Dec 2, 2018",-0.424
"Dec 3, 2018",-0.049
"Dec 4, 2018",-0.415
"Dec 5, 2018",-0.147
"Dec 6, 2018",-0.398
"Dec 7, 2018",-0.423
"Dec 8, 2018",-0.146
"Dec 9, 2018",-0.283
"Dec 10, 2018",0.376
"Dec 11, 2018",0.162
"Dec 12, 2018",-0.056
"Dec 13, 2018",-0.422
"Dec 14, 2018",-0.432
"Dec 15, 2018",-0.428
"Dec 16, 2018",-0.446
"Dec 17, 2018",-0.438
"Dec 18, 2018",-0.438
"Dec 19, 2018",-0.411
"Dec 20, 2018",-0.427
"Dec 21, 2018",-0.43
"Dec 22, 2018",-0.19
"Dec 23, 2018",-0.429
"Dec 24, 2018",-0.37
"Dec 25, 2018",-0.444
"Dec 26, 2018",0.078
"Dec 27, 2018",-0.432
"Dec 28, 2018",-0.435
"Dec 29, 2018",-0.432
"Dec 30, 2018",-0.408
"Dec 31, 2018",-0.417
"Jan 1, 2019",0.161
"Jan 2, 2019",-0.402
"Jan 3, 2019",-0.302
"Jan 4, 2019",0.166
"Jan 5, 2019",0.348
"Jan 6, 2019",-0.337
"Jan 7, 2019",-0.399
"Jan 8, 2019",-0.17
"Jan 9, 2019",-0.422
"Jan 10, 2019",0.257
"Jan 11, 2019",0.033
"Jan 12, 2019",0.169
"Jan 13, 2019",-0.353
"Jan 14, 2019",-0.175
"Jan 15, 2019",-0.371
"Jan 16, 2019",0.37
"Jan 17, 2019",-0.446
"Jan 18, 2019",0.312
"Jan 19, 2019",-0.066
"Jan 20, 2019",0.334
"Jan 21, 2019",0.564
"Jan 22, 2019",0.263
"Jan 23, 2019",-0.384
"Jan 24, 2019",-0.265
"Jan 25, 2019",-0.38
"Jan 26, 2019",-0.436
"Jan 27, 2019",-0.398
"Jan 28, 2019",-0.44
"Jan 29, 2019",-0.427
"Jan 30, 2019",0.28
"Jan 31, 2019",0.499
"Feb 1, 2019",-0.185
"Feb 2, 2019",-0.39
"Feb 3, 2019",-0.381
"Feb 4, 2019",0.395
"Feb 5, 2019",0.132
"Feb 6, 2019",0.024
"Feb 7, 2019",0.218
"Feb 8, 2019",-0.262
"Feb 9, 2019",-0.429
"Feb 10, 2019",-0.401
"Feb 11, 2019",-0.31
"Feb 12, 2019",0.357
"Feb 13, 2019",0.072
"Feb 14, 2019",0.504
"Feb 15, 2019",-0.307
"Feb 16, 2019",-0.424
"Feb 17, 2019",0.424
"Feb 18, 2019",0.455
"Feb 19, 2019",-0.345
"Feb 20, 2019",0.464
"Feb 21, 2019",0.145
"Feb 22, 2019",-0.425
"Feb 23, 2019",0.029
"Feb 24, 2019",-0.415
"Feb 25, 2019",-0.167
"Feb 26, 2019",0.426
"Feb 27, 2019",-0.431
"Feb 28, 2019",0.204
"Mar 1, 2019",0.524
"Mar 2, 2019",0.484
"Mar 3, 2019",0.146
"Mar 4, 2019",-0.413
"Mar 5, 2019",-0.428
"Mar 6, 2019",-0.436
"Mar 7, 2019",-0.114
"Mar 8, 2019",0.193
"Mar 9, 2019",-0.389
"Mar 10, 2019",-0.427
"Mar 11, 2019",0.521
"Mar 12, 2019",-0.387
"Mar 13, 2019",0.453
"Mar 14, 2019",0.422
"Mar 15, 2019",-0.422
"Mar 16, 2019",-0.188
"Mar 17, 2019",-0.358
"Mar 18, 2019",0.082
"Mar 19, 2019",0.286
"Mar 20, 2019",-0.39
"Mar 21, 2019",-0.387
"Mar 22, 2019",-0.417
"Mar 23, 2019",0.28
"Mar 24, 2019",0.174
"Mar 25, 2019",-0.365
"Mar 26, 2019",-0.404
"Mar 27, 2019",-0.315
"Mar 28, 2019",-0.372
"Mar 29, 2019",0.138
"Mar 30, 2019",-0.104
"Mar 31, 2019",-0.418
"Apr 1, 2019",-0.377
"Apr 2, 2019",-0.393
"Apr 3, 2019",-0.345
"Apr 4, 2019",-0.366
"Apr 5, 2019",-0.398
"Apr 6, 2019",-0.384
"Apr 7, 2019",-0.088
"Apr 8, 2019",-0.371
"Apr 9, 2019",-0.404
"Apr 10, 2019",-0.382
"Apr 11, 2019",0.236
"Apr 12, 2019",-0.266
"Apr 13, 2019",-0.126
"Apr 14, 2019",-0.021
"Apr 15, 2019",-0.178
"Apr 16, 2019",0.268
"Apr 17, 2019",0.511
"Apr 18, 2019",-0.398
"Apr 19, 2019",-0.385
"Apr 20, 2019",-0.161
"Apr 21, 2019",-0.409
"Apr 22, 2019",-0.399
"Apr 23, 2019",-0.405
"Apr 24, 2019",0.396
"Apr 25, 2019",-0.371
"Apr 26, 2019",-0.309
"Apr 27, 2019",-0.364
"Apr 28, 2019",-0.376
"Apr 29, 2019",-0.008
"Apr 30, 2019",-0.049
"May 1, 2019",-0.407
"May 2, 2019",-0.42
"May 3, 2019",-0.389
"May 4, 2019",-0.422
"May 5, 2019",-0.416
"May 6, 2019",-0.422
"May 7, 2019",-0.42
"May 8, 2019",-0.417
"May 9, 2019",-0.395
"May 10, 2019",-0.378
"May 11, 2019",-0.382
"May 12, 2019",-0.389
"May 13, 2019",-0.189
"May 14, 2019",-0.415
"May 15, 2019",0.085
"May 16, 2019",-0.147
"May 17, 2019",0.239
"May 18, 2019",-0.425
"May 19, 2019",-0.386
"May 20, 2019",-0.418
"May 21, 2019",-0.416
"May 22, 2019",-0.318
"May 23, 2019",-0.185
"May 24, 2019",-0.286
"May 25, 2019",-0.416
"May 26, 2019",-0.399
"May 27, 2019",-0.415
"May 28, 2019",-0.406
"May 29, 2019",-0.417
"May 30, 2019",-0.41
"May 31, 2019",-0.418
"Jun 1, 2019",-0.374
"Jun 2, 2019",-0.396
"Jun 3, 2019",-0.396
"Jun 4, 2019",-0.116
"Jun 5, 2019",-0.403
"Jun 6, 2019",0.183
"Jun 7, 2019",-0.418
"Jun 8, 2019",-0.409
"Jun 9, 2019",-0.422
"Jun 10, 2019",-0.421
"Jun 11, 2019",-0.267
"Jun 12, 2019",-0.397
"Jun 13, 2019",-0.389
"Jun 14, 2019",-0.414
"Jun 15, 2019",-0.177
"Jun 16, 2019",-0.416
"Jun 17, 2019",-0.248
"Jun 18, 2019",-0.393
"Jun 19, 2019",-0.391
"Jun 20, 2019",-0.116
"Jun 21, 2019",-0.415
"Jun 22, 2019",-0.368
"Jun 23, 2019",0.33
"Jun 24, 2019",-0.203
"Jun 25, 2019",-0.413
"Jun 26, 2019",-0.419
"Jun 27, 2019",-0.352
"Jun 28, 2019",-0.408
"Jun 29, 2019",-0.37
"Jun 30, 2019",-0.412
"Jul 1, 2019",-0.4
"Jul 2, 2019",-0.387
"Jul 3, 2019",-0.38
"Jul 4, 2019",-0.337
"Jul 5, 2019",-0.402
"Jul 6, 2019",0.092
"Jul 7, 2019",-0.424
"Jul 8, 2019",-0.135
"Jul 9, 2019",-0.04
"Jul 10, 2019",-0.253
"Jul 11, 2019",0.062
"Jul 12, 2019",-0.223
"Jul 13, 2019",-0.27
"Jul 14, 2019",-0.391
"Jul 15, 2019",-0.232
"Jul 16, 2019",-0.137
"Jul 17, 2019",-0.088
"Jul 18, 2019",0.264
"Jul 19, 2019",-0.277
"Jul 20, 2019",-0.424
"Jul 21, 2019",-0.311
"Jul 22, 2019",0.007
"Jul 23, 2019",-0.054
"Jul 24, 2019",-0.128
"Jul 25, 2019",0.577
"Jul 26, 2019",-0.028
"Jul 27, 2019",0.124
"Jul 28, 2019",0.052
"Jul 29, 2019",0.028
"Jul 30, 2019",-0.321
"Jul 31, 2019",-0.01
"Aug 1, 2019",0.536
"Aug 2, 2019",-0.095
"Aug 3, 2019",0.037
"Aug 4, 2019",-0.378
"Aug 5, 2019",-0.273
"Aug 6, 2019",-0.166
"Aug 7, 2019",0.207
"Aug 8, 2019",-0.422
"Aug 9, 2019",-0.205
"Aug 10, 2019",0.303
"Aug 11, 2019",-0.386
"Aug 12, 2019",-0.331
"Aug 13, 2019",-0.116
"Aug 14, 2019",0.1
"Aug 15, 2019",-0.399
"Aug 16, 2019",-0.112
"Aug 17, 2019",0.113
"Aug 18, 2019",-0.376
"Aug 19, 2019",-0.421
"Aug 20, 2019",-0.422
"Aug 21, 2019",-0.421
"Aug 22, 2019",-0.418
"Aug 23, 2019",-0.319
"Aug 24, 2019",-0.425
"Aug 25, 2019",-0.345
"Aug 26, 2019",0.24
"Aug 27, 2019",-0.414
"Aug 28, 2019",-0.375
"Aug 29, 2019",-0.379
"Aug 30, 2019",0.271
"Aug 31, 2019",-0.016
"Sep 1, 2019",-0.29
"Sep 2, 2019",-0.427
"Sep 3, 2019",-0.247
"Sep 4, 2019",-0.321
"Sep 5, 2019",0.427
"Sep 6, 2019",0.314
"Sep 7, 2019",-0.39
"Sep 8, 2019",-0.35
"Sep 9, 2019",-0.431
"Sep 10, 2019",-0.388
"Sep 11, 2019",-0.395
"Sep 12, 2019",-0.407
"Sep 13, 2019",-0.192
"Sep 14, 2019",-0.398
"Sep 15, 2019",-0.321
"Sep 16, 2019",-0.322
"Sep 17, 2019",-0.335
"Sep 18, 2019",-0.438
"Sep 19, 2019",-0.031
"Sep 20, 2019",0.291
"Sep 21, 2019",-0.431
"Sep 22, 2019",-0.438
"Sep 23, 2019",-0.27
"Sep 24, 2019",-0.101
"Sep 25, 2019",0.317
"Sep 26, 2019",-0.188
"Sep 27, 2019",0.457
"Sep 28, 2019",-0.339
"Sep 29, 2019",-0.018
"Sep 30, 2019",-0.303
"Oct 1, 2019",-0.215
"Oct 2, 2019",-0.432
"Oct 3, 2019",0.403
"Oct 4, 2019",-0.381
"Oct 5, 2019",-0.399
"Oct 6, 2019",0.383
"Oct 7, 2019",-0.231
"Oct 8, 2019",-0.434
"Oct 9, 2019",-0.444
"Oct 10, 2019",-0.381
"Oct 11, 2019",-0.446
"Oct 12, 2019",-0.423
"Oct 13, 2019",-0.441
"Oct 14, 2019",-0.427
"Oct 15, 2019",-0.43
"Oct 16, 2019",-0.433
"Oct 17, 2019",-0.324
"Oct 18, 2019",0.392
"Oct 19, 2019",0.091
"Oct 20, 2019",-0.434
"Oct 21, 2019",-0.433
"Oct 22, 2019",-0.32
"Oct 23, 2019",-0.264
"Oct 24, 2019",-0.42
"Oct 25, 2019",-0.443
"Oct 26, 2019",-0.415
"Oct 27, 2019",-0.376
"Oct 28, 2019",-0.431
"Oct 29, 2019",-0.43
"Oct 30, 2019",-0.406
"Oct 31, 2019",-0.423
"Nov 1, 2019",0.412
"Nov 2, 2019",-0.047
"Nov 3, 2019",-0.448
"Nov 4, 2019",-0.432
"Nov 5, 2019",-0.353
"Nov 6, 2019",0.473
"Nov 7, 2019",0.41
"Nov 8, 2019",-0.431
"Nov 9, 2019",-0.429
"Nov 10, 2019",-0.443
"Nov 11, 2019",-0.341
"Nov 12, 2019",0.447
"Nov 13, 2019",0.188
"Nov 14, 2019",0.174
"Nov 15, 2019",0.012
"Nov 16, 2019",0.226
"Nov 17, 2019",-0.443
"Nov 18, 2019",-0.46
"Nov 19, 2019",-0.429
"Nov 20, 2019",0.255
"Nov 21, 2019",0.436
"Nov 22, 2019",0.463
"Nov 23, 2019",-0.332
"Nov 24, 2019",0.126
"Nov 25, 2019",-0.293
"Nov 26, 2019",0.111
"Nov 27, 2019",0.066
"Nov 28, 2019",-0.419
"Nov 29, 2019",-0.365
"Nov 30, 2019",-0.429
"Dec 1, 2019",-0.451
"Dec 2, 2019",-0.43
"Dec 3, 2019",-0.449
"Dec 4, 2019",-0.445
"Dec 5, 2019",-0.444
"Dec 6, 2019",-0.382
"Dec 7, 2019",-0.435
"Dec 8, 2019",-0.401
"Dec 9, 2019",-0.321
"Dec 10, 2019",-0.111
"Dec 11, 2019",-0.155
"Dec 12, 2019",0.522
"Dec 13, 2019",0.018
"Dec 14, 2019",0.069
"Dec 15, 2019",-0.471
"Dec 16, 2019",-0.429
"Dec 17, 2019",-0.459
"Dec 18, 2019",0.071
"Dec 19, 2019",-0.19
"Dec 20, 2019",0.224
"Dec 21, 2019",-0.449
"Dec 22, 2019",-0.463
"Dec 23, 2019",-0.432
"Dec 24, 2019",0.061
"Dec 25, 2019",-0.42
"Dec 26, 2019",-0.378
"Dec 27, 2019",-0.165
"Dec 28, 2019",-0.151
"Dec 29, 2019",-0.328
"Dec 30, 2019",-0.439
"Dec 31, 2019",0.244
"Jan 1, 2020",-0.052
"Jan 2, 2020",0.349
"Jan 3, 2020",0.349
"Jan 4, 2020",-0.366
"Jan 5, 2020",0.3
"Jan 6, 2020",0.499
"Jan 7, 2020",0.133
"Jan 8, 2020",-0.248
"Jan 9, 2020",-0.473
"Jan 10, 2020",-0.407
"Jan 11, 2020",0.145
"Jan 12, 2020",0.481
"Jan 13, 2020",0.262
"Jan 14, 2020",-0.363
"Jan 15, 2020",-0.391
"Jan 16, 2020",-0.432
"Jan 17, 2020",-0.412
"Jan 18, 2020",-0.435
"Jan 19, 2020",-0.435
"Jan 20, 2020",-0.149
"Jan 21, 2020",0.263
"Jan 22, 2020",-0.453
"Jan 23, 2020",-0.451
"Jan 24, 2020",-0.364
"Jan 25, 2020",0.464
"Jan 26, 2020",-0.441
"Jan 27, 2020",-0.235
"Jan 28, 2020",0.454
"Jan 29, 2020",0.124
"Jan 30, 2020",-0.396
"Jan 31, 2020",-0.136
"Feb 1, 2020",-0.431
"Feb 2, 2020",-0.445
"Feb 3, 2020",-0.441
"Feb 4, 2020",0.294
"Feb 5, 2020",-0.448
"Feb 6, 2020",-0.437
"Feb 7, 2020",-0.448
"Feb 8, 2020",-0.43
"Feb 9, 2020",-0.442
"Feb 10, 2020",-0.422
"Feb 11, 2020",0.198
"Feb 12, 2020",0.134
"Feb 13, 2020",-0.301
"Feb 14, 2020",-0.448
"Feb 15, 2020",-0.438
"Feb 16, 2020",-0.442
"Feb 17, 2020",-0.429
"Feb 18, 2020",-0.434
"Feb 19, 2020",0.253
"Feb 20, 2020",0.242
"Feb 21, 2020",-0.429
"Feb 22, 2020",-0.309
"Feb 23, 2020",-0.444
"Feb 24, 2020",-0.329
"Feb 25, 2020",-0.433
"Feb 26, 2020",-0.417
"Feb 27, 2020",-0.21
"Feb 28, 2020",0.59
"Feb 29, 2020",0.47
"Mar 1, 2020",-0.404
"Mar 2, 2020",-0.371
"Mar 3, 2020",-0.434
"Mar 4, 2020",0.298
"Mar 5, 2020",0.505
"Mar 6, 2020",0.491
"Mar 7, 2020",0.227
"Mar 8, 2020",0.173
"Mar 9, 2020",0.111
"Mar 10, 2020",-0.075
"Mar 11, 2020",0.138
"Mar 12, 2020",0.139
"Mar 13, 2020",-0.101
"Mar 14, 2020",-0.383
"Mar 15, 2020",-0.422
"Mar 16, 2020",-0.2
"Mar 17, 2020",-0.429
"Mar 18, 2020",-0.356
"Mar 19, 2020",-0.423
"Mar 20, 2020",-0.382
"Mar 21, 2020",0.199
"Mar 22, 2020",-0.41
"Mar 23, 2020",-0.097
"Mar 24, 2020",0.246
"Mar 25, 2020",0.299
"Mar 26, 2020",0.167
"Mar 27, 2020",0.48
"Mar 28, 2020",-0.048
"Mar 29, 2020",-0.403
"Mar 30, 2020",0.432
"Mar 31, 2020",0.362
"Apr 1, 2020",-0.212
"Apr 2, 2020",-0.41
"Apr 3, 2020",-0.14
"Apr 4, 2020",-0.424
"Apr 5, 2020",0.156
"Apr 6, 2020",-0.384
"Apr 7, 2020",-0.087
"Apr 8, 2020",-0.4
"Apr 9, 2020",-0.309
"Apr 10, 2020",-0.387
"Apr 11, 2020",-0.378
"Apr 12, 2020",-0.392
"Apr 13, 2020",-0.058
"Apr 14, 2020",-0.016
"Apr 15, 2020",-0.361
"Apr 16, 2020",0.361
"Apr 17, 2020",0.278
"Apr 18, 2020",0.337
"Apr 19, 2020",-0.382
"Apr 20, 2020",-0.179
"Apr 21, 2020",-0.403
"Apr 22, 2020",-0.09
"Apr 23, 2020",-0.427
"Apr 24, 2020",-0.422
"Apr 25, 2020",-0.412
"Apr 26, 2020",-0.379
"Apr 27, 2020",0.291
"Apr 28, 2020",-0.156
"Apr 29, 2020",-0.431
"Apr 30, 2020",-0.415
"May 1, 2020",-0.296
"May 2, 2020",-0.394
"May 3, 2020",-0.108
"May 4, 2020",-0.432
"May 5, 2020",-0.405
"May 6, 2020",-0.428
"May 7, 2020",-0.413
"May 8, 2020",-0.43
"May 9, 2020",-0.414
"May 10, 2020",-0.423
"May 11, 2020",0.247
"May 12, 2020",-0.338
"May 13, 2020",-0.394
"May 14, 2020",0.556
"May 15, 2020",-0.416
"May 16, 2020",-0.41
"May 17, 2020",-0.423
"May 18, 2020",-0.428
"May 19, 2020",-0.136
"May 20, 2020",-0.424
"May 21, 2020",-0.395
"May 22, 2020",-0.342
"May 23, 2020",0.322
"May 24, 2020",-0.429
"May 25, 2020",-0.426
"May 26, 2020",-0.426
"May 27, 2020",-0.432
"May 28, 2020",-0.352
"May 29, 2020",-0.267
"May 30, 2020",0.626
"May 31, 2020",-0.163
"Jun 1, 2020",-0.306
"Jun 2, 2020",-0.127
"Jun 3, 2020",-0.37
"Jun 4, 2020",-0.435
"Jun 5, 2020",-0.437
"Jun 6, 2020",0.012
"Jun 7, 2020",-0.373
"Jun 8, 2020",-0.303
"Jun 9, 2020",-0.408
"Jun 10, 2020",-0.35
"Jun 11, 2020",0.014
"Jun 12, 2020",-0.38
"Jun 13, 2020",-0.384
"Jun 14, 2020",-0.429
"Jun 15, 2020",-0.394
"Jun 16, 2020",-0.429
"Jun 17, 2020",-0.418
"Jun 18, 2020",-0.408
"Jun 19, 2020",0.642
"Jun 20, 2020",-0.406
"Jun 21, 2020",-0.713
"Jun 22, 2020",-0.325
"Jun 23, 2020",-0.42
"Jun 24, 2020",0.2
"Jun 25, 2020",-0.414
"Jun 26, 2020",0.227
"Jun 27, 2020",-0.402
"Jun 28, 2020",-0.188
"Jun 29, 2020",-0.366
"Jun 30, 2020",-0.427
"Jul 1, 2020",-0.325
"Jul 2, 2020",-0.427
"Jul 3, 2020",-0.412
"Jul 4, 2020",0.466
"Jul 5, 2020",-0.399
"Jul 6, 2020",-0.397
"Jul 7, 2020",-0.415
"Jul 8, 2020",-0.291
"Jul 9, 2020",-0.419
"Jul 10, 2020",-0.361
"Jul 11, 2020",-0.411
"Jul 12, 2020",-0.027
"Jul 13, 2020",-0.393
"Jul 14, 2020",-0.422
"Jul 15, 2020",-0.35
"Jul 16, 2020",-0.393
"Jul 17, 2020",-0.04
"Jul 18, 2020",-0.412
"Jul 19, 2020",0.151
"Jul 20, 2020",-0.163
"Jul 21, 2020",-0.047
"Jul 22, 2020",-0.425
"Jul 23, 2020",-0.391
"Jul 24, 2020",0.073
"Jul 25, 2020",-0.301
"Jul 26, 2020",-0.2
"Jul 27, 2020",-0.435
"Jul 28, 2020",-0.368
"Jul 29, 2020",-0.216
"Jul 30, 2020",-0.006
"Jul 31, 2020",-0.112
"Aug 1, 2020",-0.414
"Aug 2, 2020",-0.225
"Aug 3, 2020",-0.213
"Aug 4, 2020",-0.088
"Aug 5, 2020",-0.416
"Aug 6, 2020",-0.425
"Aug 7, 2020",-0.069
"Aug 8, 2020",-0.217
"Aug 9, 2020",0.385
"Aug 10, 2020",-0.243
"Aug 11, 2020",-0.329
"Aug 12, 2020",-0.41
"Aug 13, 2020",-0.062
"Aug 14, 2020",-0.056
"Aug 15, 2020",-0.204
"Aug 16, 2020",-0.337
"Aug 17, 2020",-0.171
"Aug 18, 2020",0.126
"Aug 19, 2020",-0.174
"Aug 20, 2020",0.344
"Aug 21, 2020",-0.19
"Aug 22, 2020",-0.427
"Aug 23, 2020",-0.356
"Aug 24, 2020",-0.218
"Aug 25, 2020",0.447
"Aug 26, 2020",0.541
"Aug 27, 2020",0.25
"Aug 28, 2020",-0.279
"Aug 29, 2020",-0.413
"Aug 30, 2020",-0.418
"Aug 31, 2020",0.62
"Sep 1, 2020",0.458
"Sep 2, 2020",0.028
"Sep 3, 2020",0.396
"Sep 4, 2020",0.037
"Sep 5, 2020",-0.402
"Sep 6, 2020",-0.266
"Sep 7, 2020",-0.416
"Sep 8, 2020",-0.438
"Sep 9, 2020",-0.436
"Sep 10, 2020",-0.383
"Sep 11, 2020",-0.436
"Sep 12, 2020",-0.345
"Sep 13, 2020",-0.445
"Sep 14, 2020",-0.431
"Sep 15, 2020",-0.415
"Sep 16, 2020",-0.444
"Sep 17, 2020",-0.376
"Sep 18, 2020",-0.445
"Sep 19, 2020",-0.396
"Sep 20, 2020",-0.444
"Sep 21, 2020",-0.443
"Sep 22, 2020",-0.449
"Sep 23, 2020",-0.443
"Sep 24, 2020",-0.423
"Sep 25, 2020",-0.435
"Sep 26, 2020",0.406
"Sep 27, 2020",-0.427
"Sep 28, 2020",-0.389
"Sep 29, 2020",-0.428
"Sep 30, 2020",-0.428
"Oct 1, 2020",-0.383
"Oct 2, 2020",-0.449
"Oct 3, 2020",-0.396
"Oct 4, 2020",-0.448
"Oct 5, 2020",-0.41
"Oct 6, 2020",-0.441
"Oct 7, 2020",-0.422
"Oct 8, 2020",-0.425
"Oct 9, 2020",-0.439
"Oct 10, 2020",-0.416
"Oct 11, 2020",-0.442
"Oct 12, 2020",-0.272
"Oct 13, 2020",-0.218
"Oct 14, 2020",-0.423
"Oct 15, 2020",-0.439
"Oct 16, 2020",-0.444
"Oct 17, 2020",-0.439
"Oct 18, 2020",-0.445
"Oct 19, 2020",-0.393
"Oct 20, 2020",-0.447
"Oct 21, 2020",-0.397
"Oct 22, 2020",-0.437
"Oct 23, 2020",-0.42
"Oct 24, 2020",-0.434
"Oct 25, 2020",0.211
"Oct 26, 2020",-0.409
"Oct 27, 2020",-0.445
"Oct 28, 2020",-0.406
"Oct 29, 2020",-0.427
"Oct 30, 2020",-0.406
"Oct 31, 2020",-0.424
"Nov 1, 2020",-0.437
"Nov 2, 2020",-0.423
"Nov 3, 2020",-0.436
"Nov 4, 2020",-0.415
"Nov 5, 2020",-0.434
"Nov 6, 2020",-0.429
"Nov 7, 2020",-0.431
"Nov 8, 2020",-0.431
"Nov 9, 2020",-0.235
"Nov 10, 2020",-0.329
"Nov 11, 2020",-0.223
"Nov 12, 2020",-0.181
"Nov 13, 2020",-0.178
"Nov 14, 2020",0.119
"Nov 15, 2020",0.294
"Nov 16, 2020",-0.401
"Nov 17, 2020",-0.43
"Nov 18, 2020",-0.391
"Nov 19, 2020",0.155
"Nov 20, 2020",-0.472
"Nov 21, 2020",-0.444
"Nov 22, 2020",0.204
"Nov 23, 2020",0.437
"Nov 24, 2020",0.106
"Nov 25, 2020",0.364
"Nov 26, 2020",-0.432
"Nov 27, 2020",-0.428
"Nov 28, 2020",-0.206
"Nov 29, 2020",-0.292
"Nov 30, 2020",-0.439
"Dec 1, 2020",-0.447
"Dec 2, 2020",-0.434
"Dec 3, 2020",-0.447
"Dec 4, 2020",-0.018
"Dec 5, 2020",-0.389
"Dec 6, 2020",-0.408
"Dec 7, 2020",0.155
"Dec 8, 2020",0.329
"Dec 9, 2020",-0.234
"Dec 10, 2020",-0.385
"Dec 11, 2020",0.412
"Dec 12, 2020",0.162
"Dec 13, 2020",-0.434
"Dec 14, 2020",-0.433
"Dec 15, 2020",-0.438
"Dec 16, 2020",-0.429
"Dec 17, 2020",-0.48
"Dec 18, 2020",-0.428
"Dec 19, 2020",-0.461
"Dec 20, 2020",-0.009
"Dec 21, 2020",-0.181
"Dec 22, 2020",-0.482
"Dec 23, 2020",-0.439
"Dec 24, 2020",-0.434
"Dec 25, 2020",-0.03
"Dec 26, 2020",-0.445
"Dec 27, 2020",0.386
"Dec 28, 2020",0.044
"Dec 29, 2020",-0.447
"Dec 30, 2020",-0.444
"Dec 31, 2020",-0.484
"Jan 1, 2021",-0.441
"Jan 2, 2021",-0.48
"Jan 3, 2021",0.192
"Jan 4, 2021",0.272
"Jan 5, 2021",0.155
"Jan 6, 2021",-0.434
"Jan 7, 2021",-0.352
"Jan 8, 2021",-0.034
"Jan 9, 2021",-0.388
"Jan 10, 2021",-0.353
"Jan 11, 2021",-0.441
"Jan 12, 2021",-0.433
"Jan 13, 2021",-0.442
"Jan 14, 2021",-0.054
"Jan 15, 2021",-0.44
"Jan 16, 2021",-0.378
"Jan 17, 2021",-0.271
"Jan 18, 2021",-0.399
"Jan 19, 2021",-0.428
"Jan 20, 2021",-0.446
"Jan 21, 2021",-0.254
"Jan 22, 2021",-0.214
"Jan 23, 2021",-0.076
"Jan 24, 2021",-0.414
"Jan 25, 2021",-0.413
"Jan 26, 2021",-0.433
"Jan 27, 2021",-0.443
"Jan 28, 2021",-0.409
"Jan 29, 2021",-0.437
"Jan 30, 2021",-0.423
"Jan 31, 2021",-0.412
"Feb 1, 2021",-0.392
"Feb 2, 2021",0.271
"Feb 3, 2021",0.227
"Feb 4, 2021",-0.231
"Feb 5, 2021",-0.348
"Feb 6, 2021",-0.431
"Feb 7, 2021",-0.441
"Feb 8, 2021",0.058
"Feb 9, 2021",-0.005
"Feb 10, 2021",-0.341
"Feb 11, 2021",-0.435
"Feb 12, 2021",-0.2
"Feb 13, 2021",-0.254
"Feb 14, 2021",-0.424
"Feb 15, 2021",-0.421
"Feb 16, 2021",-0.431
"Feb 17, 2021",-0.385
"Feb 18, 2021",-0.436
"Feb 19, 2021",-0.277
"Feb 20, 2021",-0.331
"Feb 21, 2021",-0.409
"Feb 22, 2021",0.114
"Feb 23, 2021",-0.424
"Feb 24, 2021",-0.376
"Feb 25, 2021",-0.422
"Feb 26, 2021",0.373
"Feb 27, 2021",-0.427
"Feb 28, 2021",-0.42
"Mar 1, 2021",-0.424
"Mar 2, 2021",-0.43
"Mar 3, 2021",-0.416
"Mar 4, 2021",-0.423
"Mar 5, 2021",-0.387
"Mar 6, 2021",0.136
"Mar 7, 2021",-0.268
"Mar 8, 2021",0.118
"Mar 9, 2021",-0.408
"Mar 10, 2021",-0.339
"Mar 11, 2021",0.499
"Mar 12, 2021",0.173
"Mar 13, 2021",0.015
"Mar 14, 2021",0.193
"Mar 15, 2021",-0.125
"Mar 16, 2021",-0.063
"Mar 17, 2021",-0.15
"Mar 18, 2021",-0.309
"Mar 19, 2021",-0.307
"Mar 20, 2021",-0.011
"Mar 21, 2021",0.341
"Mar 22, 2021",0.529
"Mar 23, 2021",-0.077
"Mar 24, 2021",-0.404
"Mar 25, 2021",-0.193
"Mar 26, 2021",-0.371
"Mar 27, 2021",0.186
"Mar 28, 2021",-0.297
"Mar 29, 2021",-0.404
"Mar 30, 2021",-0.381
"Mar 31, 2021",-0.407
"Apr 1, 2021",-0.401
"Apr 2, 2021",-0.405
"Apr 3, 2021",-0.421
"Apr 4, 2021",0.354
"Apr 5, 2021",0.142
"Apr 6, 2021",0.284
"Apr 7, 2021",-0.403
"Apr 8, 2021",-0.398
"Apr 9, 2021",-0.406
"Apr 10, 2021",-0.398
"Apr 11, 2021",-0.306
"Apr 12, 2021",-0.414
"Apr 13, 2021",-0.173
"Apr 14, 2021",-0.396
"Apr 15, 2021",0.343
"Apr 16, 2021",0.196
"Apr 17, 2021",0.167
"Apr 18, 2021",-0.318
"Apr 19, 2021",-0.423
"Apr 20, 2021",0.344
"Apr 21, 2021",-0.421
"Apr 22, 2021",-0.332
"Apr 23, 2021",-0.408
"Apr 24, 2021",-0.409
"Apr 25, 2021",-0.411
"Apr 26, 2021",-0.422
"Apr 27, 2021",-0.401
"Apr 28, 2021",-0.422
"Apr 29, 2021",-0.33
"Apr 30, 2021",-0.4
"May 1, 2021",-0.394
"May 2, 2021",-0.41
"May 3, 2021",-0.416
"May 4, 2021",0.213
"May 5, 2021",-0.211
"May 6, 2021",0.135
"May 7, 2021",-0.433
"May 8, 2021",-0.386
"May 9, 2021",-0.162
"May 10, 2021",-0.395
"May 11, 2021",0
"May 12, 2021",-0.414
"May 13, 2021",-0.108
"May 14, 2021",-0.341
"May 15, 2021",-0.214
"May 16, 2021",-0.414
"May 17, 2021",-0.395
"May 18, 2021",-0.376
"May 19, 2021",-0.411
"May 20, 2021",-0.407
"May 21, 2021",-0.424
"May 22, 2021",-0.404
"May 23, 2021",-0.37
"May 24, 2021",-0.376
"May 25, 2021",-0.418
"May 26, 2021",-0.416
"May 27, 2021",-0.416
"May 28, 2021",-0.418
"May 29, 2021",-0.389
"May 30, 2021",-0.38
"May 31, 2021",-0.325
"Jun 1, 2021",-0.411
"Jun 2, 2021",-0.383
"Jun 3, 2021",0.152
"Jun 4, 2021",-0.393
"Jun 5, 2021",-0.342
"Jun 6, 2021",-0.386
"Jun 7, 2021",-0.336
"Jun 8, 2021",-0.406
"Jun 9, 2021",-0.35
"Jun 10, 2021",-0.38
"Jun 11, 2021",-0.33
"Jun 12, 2021",-0.352
"Jun 13, 2021",-0.393
"Jun 14, 2021",-0.197
"Jun 15, 2021",-0.368
"Jun 16, 2021",-0.259
"Jun 17, 2021",-0.394
"Jun 18, 2021",-0.365
"Jun 19, 2021",-0.401
"Jun 20, 2021",-0.353
"Jun 21, 2021",-0.398
"Jun 22, 2021",-0.414
"Jun 23, 2021",-0.389
"Jun 24, 2021",-0.405
"Jun 25, 2021",-0.336
"Jun 26, 2021",-0.201
"Jun 27, 2021",-0.378
"Jun 28, 2021",-0.389
"Jun 29, 2021",-0.41
"Jun 30, 2021",-0.379
"Jul 1, 2021",-0.398
"Jul 2, 2021",-0.315
"Jul 3, 2021",-0.387
"Jul 4, 2021",-0.338
"Jul 5, 2021",-0.336
"Jul 6, 2021",-0.395
"Jul 7, 2021",-0.397
"Jul 8, 2021",-0.4
"Jul 9, 2021",-0.213
"Jul 10, 2021",0.521
"Jul 11, 2021",-0.201
"Jul 12, 2021",-0.227
"Jul 13, 2021",-0.251
"Jul 14, 2021",0.254
"Jul 15, 2021",-0.396
"Jul 16, 2021",-0.241
"Jul 17, 2021",-0.354
"Jul 18, 2021",-0.48
"Jul 19, 2021",0.464
"Jul 20, 2021",-0.072
"Jul 21, 2021",-0.159
"Jul 22, 2021",-0.383
"Jul 23, 2021",-0.307
"Jul 24, 2021",-0.395
"Jul 25, 2021",-0.188
"Jul 26, 2021",0.424
"Jul 27, 2021",0.214
"Jul 28, 2021",0.534
"Jul 29, 2021",-0.087
"Jul 30, 2021",0.019
"Jul 31, 2021",0.345
"Aug 1, 2021",-0.407
"Aug 2, 2021",-0.41
"Aug 3, 2021",-0.26
"Aug 4, 2021",-0.083
"Aug 5, 2021",-0.142
"Aug 6, 2021",-0.371
"Aug 7, 2021",-0.274
"Aug 8, 2021",0.011
"Aug 9, 2021",-0.387
"Aug 10, 2021",-0.25
"Aug 11, 2021",-0.29
"Aug 12, 2021",-0.253
"Aug 13, 2021",-0.401
"Aug 14, 2021",0.314
"Aug 15, 2021",-0.046
"Aug 16, 2021",-0.41
"Aug 17, 2021",-0.404
"Aug 18, 2021",-0.42
"Aug 19, 2021",-0.354
"Aug 20, 2021",-0.403
"Aug 21, 2021",-0.375
"Aug 22, 2021",-0.173
"Aug 23, 2021",-0.19
"Aug 24, 2021",-0.37
"Aug 25, 2021",-0.377
"Aug 26, 2021",-0.274
"Aug 27, 2021",-0.318
"Aug 28, 2021",0.153
"Aug 29, 2021",0.453
"Aug 30, 2021",-0.382
"Aug 31, 2021",-0.145
"Sep 1, 2021",-0.416
"Sep 2, 2021",-0.407
"Sep 3, 2021",-0.423
"Sep 4, 2021",-0.38
"Sep 5, 2021",-0.395
"Sep 6, 2021",-0.377
"Sep 7, 2021",-0.253
"Sep 8, 2021",0.517
"Sep 9, 2021",-0.242
"Sep 10, 2021",-0.136
"Sep 11, 2021",-0.078
"Sep 12, 2021",-0.415
"Sep 13, 2021",-0.396
"Sep 14, 2021",-0.416
"Sep 15, 2021",-0.397
"Sep 16, 2021",-0.414
"Sep 17, 2021",-0.248
"Sep 18, 2021",-0.064
"Sep 19, 2021",-0.296
"Sep 20, 2021",-0.128
"Sep 21, 2021",-0.25
"Sep 22, 2021",-0.431
"Sep 23, 2021",-0.428
"Sep 24, 2021",-0.441
"Sep 25, 2021",-0.435
"Sep 26, 2021",-0.44
"Sep 27, 2021",-0.445
"Sep 28, 2021",-0.435
"Sep 29, 2021",-0.264
"Sep 30, 2021",-0.267
"Oct 1, 2021",-0.105
"Oct 2, 2021",-0.279
"Oct 3, 2021",-0.398
"Oct 4, 2021",-0.412
"Oct 5, 2021",0.081
"Oct 6, 2021",-0.368
"Oct 7, 2021",-0.431
"Oct 8, 2021",-0.413
"Oct 9, 2021",-0.414
"Oct 10, 2021",-0.422
"Oct 11, 2021",-0.325
"Oct 12, 2021",-0.406
"Oct 13, 2021",-0.396
"Oct 14, 2021",-0.434
"Oct 15, 2021",-0.458
"Oct 16, 2021",-0.434
"Oct 17, 2021",0.094
"Oct 18, 2021",-0.423
"Oct 19, 2021",-0.437
"Oct 20, 2021",-0.421
"Oct 21, 2021",-0.422
"Oct 22, 2021",-0.417
"Oct 23, 2021",-0.353
"Oct 24, 2021",0.187
"Oct 25, 2021",-0.403
"Oct 26, 2021",-0.439
"Oct 27, 2021",-0.418
"Oct 28, 2021",-0.435
"Oct 29, 2021",-0.411
"Oct 30, 2021",-0.431
"Oct 31, 2021",-0.495
"Nov 1, 2021",-0.286
"Nov 2, 2021",-0.478
"Nov 3, 2021",-0.416
"Nov 4, 2021",-0.368
"Nov 5, 2021",0.231
"Nov 6, 2021",-0.424
"Nov 7, 2021",-0.522
"Nov 8, 2021",-0.432
"Nov 9, 2021",-0.392
"Nov 10, 2021",-0.416
"Nov 11, 2021",-0.455
"Nov 12, 2021",-0.422
"Nov 13, 2021",-0.439
"Nov 14, 2021",-0.409
"Nov 15, 2021",-0.426
"Nov 16, 2021",-0.501
"Nov 17, 2021",-0.422
"Nov 18, 2021",-0.428
"Nov 19, 2021",-0.414
"Nov 20, 2021",-0.429
"Nov 21, 2021",-0.417
"Nov 22, 2021",-0.429
"Nov 23, 2021",-0.522
"Nov 24, 2021",-0.261
"Nov 25, 2021",-0.487
"Nov 26, 2021",-0.416
"Nov 27, 2021",-0.424
"Nov 28, 2021",-0.397
"Nov 29, 2021",-0.412
"Nov 30, 2021",-0.371
"Dec 1, 2021",-0.415
"Dec 2, 2021",-0.53
"Dec 3, 2021",-0.419
"Dec 4, 2021",-0.305
"Dec 5, 2021",-0.095
"Dec 6, 2021",-0.443
"Dec 7, 2021",-0.375
"Dec 8, 2021",-0.442
"Dec 9, 2021",-0.584
"Dec 10, 2021",-0.432
"Dec 11, 2021",-0.54
"Dec 12, 2021",0.05
"Dec 13, 2021",-0.481
"Dec 14, 2021",-0.334
"Dec 15, 2021",-0.402
"Dec 16, 2021",-0.405
"Dec 17, 2021",-0.42
"Dec 18, 2021",-0.602
"Dec 19, 2021",-0.429
"Dec 20, 2021",-0.233
"Dec 21, 2021",-0.406
"Dec 22, 2021",-0.424
"Dec 23, 2021",-0.249
"Dec 24, 2021",-0.412
"Dec 25, 2021",-0.286
"Dec 26, 2021",0.151
"Dec 27, 2021",0.218
"Dec 28, 2021",-0.4
"Dec 29, 2021",-0.477
"Dec 30, 2021",-0.29
"Dec 31, 2021",-0.443
